# File produced by Open Asset Import Library (http://www.assimp.sf.net)
# (assimp v5.0.1588609223)

mtllib result.mtl

# 1018 vertex positions
v  -0.41816774 -0.51855516 -0.78793311
v  -0.4570514 0.51094621 -0.78793311
v  -0.4570514 0.51094627 -1.6172898
v  -0.41816774 -0.5185551 -1.6172895
v  0.41640717 0.53307462 -0.78793305
v  0.45677274 -0.51855528 -0.78793311
v  0.45677274 -0.51855522 -1.6172895
v  0.41640717 0.53307468 -1.6172898
v  -0.49043274 -0.6180194 -0.2130381
v  -0.51353204 0.58419859 -0.21303819
v  0.4748708 0.61354291 -0.21303816
v  0.4748708 0.61354345 3.4372621
v  0.52903771 -0.61801887 3.4372621
v  0.52903771 -0.61801946 -0.2130381
v  0.0041909339 0.062771201 -3.2760031
v  -0.49043274 -0.61801881 3.4372621
v  -0.51353204 0.58419919 3.4372621
v  -1.1166749 -8.1186953 -1.9621236
v  -1.1166749 -3.3719287 -1.9621243
v  1.1166749 -3.3719287 -1.9621243
v  1.1166749 -8.1186953 -1.9621236
v  1.1166749 -8.8719273 5.6948614
v  1.1166749 -3.3719273 5.6948605
v  -1.1166749 -3.3719273 5.6948605
v  -1.1166749 -8.8719273 5.6948614
v  1.2910321 -8.8719273 5.8067336
v  1.2910321 -8.1186953 -2.0739956
v  -1.291032 -8.1186953 -2.0739956
v  -1.291032 -8.8719273 5.8067336
v  -1.291032 -8.4531822 -2.0739956
v  -1.291032 -9.2064133 5.8067341
v  1.2910321 -9.2064133 5.8067341
v  1.2910321 -8.4531822 -2.0739956
v  1.1771791 -7.9085436 -1.730284
v  1.1771791 -3.6037681 -1.7302847
v  1.1771791 -3.6037667 5.4630213
v  1.1771791 -8.6161623 5.4630222
v  -1.177179 -7.9085436 -1.730284
v  -1.177179 -8.6161623 5.4630222
v  -1.177179 -3.6037667 5.4630213
v  -1.177179 -3.6037676 -1.7302847
v  -2.0400438 -1.8587642 -28.40204
v  -2.0400438 -1.8587637 -24.494375
v  -2.0400438 -1.585247 -24.220858
v  -2.0400438 -0.19090223 -24.22086
v  -2.0400438 -0.19090271 -28.67556
v  -2.0400438 -1.5852475 -28.675558
v  -2.0400438 1.0118961 -24.22086
v  -2.0400438 1.011899 -6.7299147
v  -2.1422255 1.011899 -6.7299147
v  -2.1422255 1.0118985 -9.7263966
v  -2.1422255 1.0118961 -24.22086
v  -2.1422257 -1.585247 -24.220858
v  -2.1422257 -0.19090223 -24.22086
v  -2.0400438 1.0118957 -28.402042
v  -2.0400438 0.73837852 -28.67556
v  -2.1422257 1.0118957 -28.402042
v  -2.0400438 0.071541309 -6.467474
v  -2.1422255 0.071541309 -6.467474
v  -2.1422255 0.74945784 -6.467474
v  -2.0400438 0.74945784 -6.467474
v  -2.0400438 -0.19089937 -6.7299147
v  -2.1422257 -1.5852475 -28.675558
v  -2.1422257 -1.8587642 -28.40204
v  -2.1422255 -0.19089937 -6.7299147
v  2.073875 -0.19090223 -24.22086
v  2.073875 -0.19090271 -28.67556
v  2.073875 0.73837852 -28.67556
v  2.073875 1.0118957 -28.402042
v  2.073875 1.0118961 -24.22086
v  2.1422255 -0.19090271 -28.67556
v  2.1422255 0.73837852 -28.67556
v  2.073875 -1.5852475 -28.675558
v  2.1422255 -1.5852475 -28.675558
v  2.073875 -1.8587642 -28.40204
v  2.073875 -1.8587637 -24.494375
v  2.1422255 -1.8587632 -24.494375
v  2.1422255 -1.8587637 -28.40204
v  2.073875 -0.19089937 -6.7299147
v  2.1422255 -0.19089937 -6.7299147
v  2.1422257 -0.19089937 -9.7263966
v  2.1422255 -0.19090223 -24.22086
v  2.1422255 1.0118957 -28.402042
v  2.073875 -1.585247 -24.220858
v  2.1422255 -1.585247 -24.220858
v  2.073875 1.011899 -6.7299147
v  2.073875 0.74945784 -6.467474
v  2.073875 0.071541309 -6.467474
v  2.1422255 0.071541309 -6.467474
v  2.1422255 0.74945784 -6.467474
v  2.1422257 1.5067019 -3.2431171
v  -1.6645489 2.1583648 -28.640526
v  1.6645489 2.1583648 -28.640526
v  1.6645489 1.951468 -29.425686
v  -1.6645489 1.951468 -29.425686
v  2.1098559 -2.3541236 -29.571304
v  -1.6709821 -2.6035914 -9.7263947
v  1.6709825 -2.6035914 -9.7263947
v  1.6709825 -4.7726316 -3.2431166
v  -1.6709821 -4.7726316 -3.2431166
v  2.1422257 -4.418519 -3.2431161
v  2.1422257 0.51193476 -2.3597806
v  2.1422257 -4.4173975 -2.3597796
v  -1.6645489 2.1583676 -9.7263975
v  1.6645489 2.1583676 -9.7263975
v  1.6645489 1.166307 -29.75091
v  -1.6645489 1.166307 -29.75091
v  -1.6817126 -2.6037693 -29.750908
v  1.681713 -2.6037693 -29.750908
v  -2.1098559 -2.3541236 -29.571304
v  -2.1422255 1.5067019 -3.2431171
v  1.6709825 -4.7723036 -2.3597791
v  -1.6709821 -4.7723036 -2.3597791
v  -2.1422255 0.51193476 -2.3597806
v  -2.1422255 -4.4173975 -2.3597796
v  -2.1422255 -4.4148746 0.90993446
v  -2.1422255 0.51424932 0.90993369
v  -2.1422255 -4.418519 -3.2431161
v  1.6645489 1.1654716 -2.3597806
v  -1.6645489 1.1654716 -2.3597806
v  -1.6645489 1.1654725 0.90993357
v  1.6645489 1.1654725 0.90993357
v  1.6709825 -4.7715645 0.90993452
v  -1.6709821 -4.7715645 0.90993452
v  -1.6709821 -4.2429571 1.9541885
v  1.6709825 -4.2429571 1.9541885
v  1.6709825 -5.1130114 4.1282921
v  -1.6709821 -5.1130114 4.1282921
v  -1.6645489 1.1654725 1.9541876
v  1.6645489 1.1654725 1.9541876
v  2.1422257 0.51424932 0.90993369
v  2.1422257 -4.4148746 0.90993446
v  -2.1422255 0.51352215 1.9541878
v  -2.1422255 -3.8843985 1.9541885
v  -2.1422255 -4.7540731 4.1282921
v  -2.1422255 0.50969458 4.1282911
v  2.1422257 0.51352215 1.9541878
v  2.1422257 -3.8843985 1.9541885
v  -1.6645489 1.1654725 4.1282911
v  1.6645489 1.1654725 4.1282911
v  1.6645489 2.0043006 5.3266149
v  -1.6645489 2.0043006 5.3266149
v  -1.6645489 2.0043006 6.7303677
v  1.6645489 2.0043006 6.7303677
v  1.6709825 -5.1127462 5.3266163
v  -1.6709821 -5.1127462 5.3266163
v  2.1422257 0.50969458 4.1282911
v  2.1422257 -4.7540731 4.1282921
v  -1.6709821 -5.1119156 6.7303686
v  1.6709825 -5.1119156 6.7303686
v  1.6709825 -5.1104517 7.3466492
v  -1.6709821 -5.1104517 7.3466492
v  2.1422257 1.3439908 5.3266149
v  2.1422257 -4.7531681 5.3266163
v  -2.1422255 -4.7531681 5.3266163
v  -2.1422255 1.3439908 5.3266149
v  -2.1422255 1.3414321 6.7303677
v  -2.1422255 -4.7503324 6.7303686
v  -2.1422255 -4.7453384 7.3466492
v  -2.1422255 0.37478065 7.3466482
v  2.1422257 1.3414321 6.7303677
v  2.1422257 -4.7503324 6.7303686
v  -1.6645489 1.0342288 7.3466482
v  1.6645489 1.0342288 7.3466482
v  -1.700346 -3.9585509 8.1727839
v  1.700346 -3.9585509 8.1727839
v  1.7003454 -3.1832883 8.8390713
v  -1.700346 -3.1832883 8.8390713
v  -1.6645489 1.6162715 8.7332811
v  1.6645489 1.6162715 8.7332811
v  1.6709825 -6.8891425 8.7332821
v  -1.6709821 -6.8891425 8.7332821
v  2.1422257 0.37478065 7.3466482
v  2.1422257 -4.7453384 7.3466492
v  -1.6709821 -6.8892417 12.345374
v  1.6709825 -6.8892417 12.345374
v  1.6709825 -6.7002459 13.35539
v  -1.6709821 -6.7002459 13.35539
v  -1.6645489 1.6162724 12.345373
v  1.6645489 1.6162724 12.345373
v  -2.1422255 0.97042227 12.345373
v  -2.1422255 -2.5279541 13.245398
v  -2.1422255 0.48088551 13.355389
v  2.1422255 -2.5279531 13.2454
v  2.1422257 0.97042227 12.345373
v  2.1422257 0.48088551 13.355389
v  2.1422257 -6.5199714 8.7332821
v  2.1422255 -6.343298 9.1396132
v  2.1422255 -6.3432975 12.424314
v  2.1422257 -6.520319 12.345374
v  2.1422257 0.96475267 8.7332811
v  2.142225 -2.5282931 8.8223677
v  2.1422262 -3.9370794 7.6051302
v  -1.6645489 1.1198239 13.355389
v  1.6645489 1.1198239 13.355389
v  1.6645489 0.69185114 14.365405
v  -1.6645489 0.69185114 14.365405
v  -1.6645489 0.69185162 15.638232
v  1.6645489 0.69185162 15.638232
v  1.6709825 -5.9285641 14.46479
v  -1.6709821 -5.9285641 14.46479
v  -2.1422255 -3.7542992 14.240029
v  -2.1422255 -5.9151144 13.672785
v  -2.1422255 -5.3894558 14.704729
v  1.6709825 -11.639285 15.625524
v  -1.6709821 -11.633032 15.62425
v  -1.6709821 -12.260534 16.392252
v  -1.6709821 -12.260172 18.655546
v  -2.1422255 -11.888535 18.655546
v  2.1422255 -5.9151144 13.672782
v  -2.1422255 -6.3432975 12.424314
v  -2.1422255 -6.520319 12.345374
v  -2.1422255 -6.3296633 13.35539
v  -1.6595391 -3.7683201 17.745268
v  1.6595391 -3.7683201 17.745268
v  1.6595391 -3.0748982 18.032495
v  -1.6595391 -3.0748975 18.032495
v  2.1422257 -5.3894558 14.704729
v  2.1422257 0.046998501 14.401385
v  2.1422257 0.054662704 15.658056
v  1.6709825 -12.266843 16.393524
v  -2.1422255 0.046998501 14.401385
v  -2.1422255 0.054662704 15.657872
v  -1.6645489 0.69185209 18.655544
v  1.6645489 0.69185209 18.655544
v  -1.6709821 -10.661657 22.441978
v  1.6709825 -10.669024 22.441978
v  2.1422257 -10.233332 26.257992
v  -2.1422255 -10.282182 26.257992
v  -1.6645489 0.69185257 22.441977
v  1.6645489 0.69185257 22.441977
v  1.6709825 -12.266678 18.655546
v  1.6595391 -6.2188702 17.74527
v  -1.6595391 -6.2188702 17.74527
v  -1.6595391 -7.681735 18.351208
v  1.6595391 -7.681735 18.351208
v  1.6709825 -9.5807514 27.973719
v  -1.6709821 -9.5927286 27.973719
v  -2.1422255 -8.6427097 19.661451
v  2.1422253 -4.37146 25.439615
v  2.142225 -3.0229397 24.881041
v  2.1422257 0.067860603 26.25799
v  -1.6645489 0.69185305 26.25799
v  1.6645489 0.69185305 26.25799
v  -2.1422255 0.067860603 26.25799
v  -2.1422255 -9.2087574 27.973719
v  -2.1422255 0.07016468 27.973717
v  -1.6595391 -7.7090015 24.537636
v  1.6595393 -7.7090015 24.537636
v  1.6595393 -8.287672 23.140606
v  -1.6595391 -8.287672 23.140606
v  1.6595387 -3.2703884 24.633593
v  -1.6595391 -3.2703884 24.633587
v  -1.6595391 -2.7876725 23.468208
v  1.6595393 -2.7876725 23.468208
v  -1.6645489 0.69185352 27.973717
v  1.6645489 0.69185352 27.973717
v  -1.6709821 -7.4467988 29.630287
v  1.6709825 -7.4379206 29.630287
v  1.6709825 -7.4384532 33.697739
v  -1.6709821 -7.4466562 33.697739
v  -1.6645489 0.69185352 29.630285
v  1.6645489 0.69185352 29.630285
v  2.1422257 0.07016468 27.973717
v  2.1422257 -9.1678667 27.973719
v  2.1422257 -7.0294542 29.630287
v  2.1422257 0.071790695 29.630285
v  2.1422257 0.072867393 33.697735
v  2.1422257 -7.0312657 33.697739
v  -2.1422255 -7.0597649 29.630287
v  -2.1422255 0.071790695 29.630285
v  -1.6645489 0.69185448 33.697735
v  1.6645489 0.69185448 33.697735
v  1.9455161 -9.18575 34.301262
v  1.4234049 -9.5198231 34.283913
v  -2.1422255 -7.059289 33.697739
v  -2.1422255 0.072867393 33.697735
v  -1.6645489 0.69185448 34.560532
v  1.6645489 0.69185448 34.560532
v  -1.3065716 -10.506001 35.344875
v  -1.3065716 -10.506544 41.182865
v  -1.8610116 -10.126734 41.182865
v  -1.8610114 -10.124873 35.344875
v  -2.1422255 -2.2501259 -9.7263966
v  -1.6645489 0.69185543 41.182865
v  1.6645489 0.69185543 41.182865
v  -1.4233882 -9.5252371 34.283947
v  2.1422257 0.073480606 34.560532
v  -1.9458386 -9.1999788 34.300274
v  -2.1422255 0.073480606 34.560532
v  -2.4869893 1.5412908 41.06189
v  2.4869895 1.5412908 41.06189
v  2.2353473 1.4174314 40.705441
v  -2.2353473 1.4174314 40.705441
v  -2.1984112 -10.798217 43.455441
v  2.1984115 -10.798217 43.455441
v  1.765021 -11.481871 45.135551
v  -1.765021 -11.481871 45.135551
v  2.1370931 -10.798217 40.802486
v  1.9800018 1.5103593 44.014133
v  1.8334316 0.58689976 45.038647
v  -1.9800017 1.5103593 44.014133
v  -1.9458897 -10.701173 40.705441
v  1.9458899 -10.701173 40.705441
v  -1.8334316 0.58689976 45.038647
v  -1.8334316 -4.9695334 45.671326
v  1.8334316 -4.9695334 45.671326
v  1.6530968 -11.226589 45.524799
v  -1.6530967 -11.226589 45.524799
v  1.2533934 1.3991132 26.465147
v  -1.2533933 1.3991132 26.465147
v  -1.389385 1.399116 41.098755
v  1.3893851 1.399116 41.098755
v  1.6805381 0.021765232 25.946901
v  1.506983 1.0382571 26.104288
v  1.6704891 1.0382595 41.098755
v  1.8628749 0.021767616 41.098755
v  -1.8628746 0.021767616 41.098755
v  -1.670489 1.0382595 41.098755
v  -1.5069829 1.0382571 26.104288
v  -1.6805381 0.021765232 25.946901
v  -1.4959995 3.2592006 -5.5069599
v  -1.534711 3.0162854 10.13016
v  -1.4665087 3.4442582 9.8220186
v  -1.4665086 3.4442563 -5.4387932
v  -1.9019585 0.68654251 10.538065
v  -1.9019585 0.68653965 -5.6070986
v  1.2324034 3.6871734 -5.6053696
v  -1.232403 3.6871734 -5.6053696
v  -1.23252 3.6871753 9.9505444
v  1.2325203 3.6871753 9.9505444
v  1.3007756 3.2592025 10.258685
v  -1.3007753 3.2592025 10.258685
v  -1.3007663 3.2592034 12.737768
v  1.3007667 3.2592034 12.737768
v  1.9019589 0.68653965 -5.6070986
v  1.4959997 3.2592006 -5.5069599
v  1.5343465 3.0161901 10.13016
v  1.9019589 0.68654251 10.538065
v  1.4665091 3.4442563 -5.4387932
v  1.4665091 3.4442582 9.8220186
v  1.5343463 3.016191 12.64299
v  1.5562725 2.8772407 12.801336
v  1.9019589 0.68654299 13.088393
v  -1.3418853 3.1069093 13.035505
v  1.3418857 3.1069083 13.035505
v  -1.9019585 0.68654299 13.088393
v  -1.5562723 2.8772397 12.801336
v  -1.534346 3.016191 12.64299
v  -1.7063433 0.68653965 -5.8621559
v  -1.3004425 3.2592006 -5.7622957
v  1.3004428 3.2592006 -5.7622957
v  1.7063437 0.68653965 -5.8621559
v  -1.7313305 -3.9775281 -27.256212
v  -1.7313305 -2.66644 -27.503881
v  1.7369641 -2.66644 -27.503881
v  1.7369641 -3.9775281 -27.256212
v  1.7369641 -3.9775274 -23.363359
v  1.7369641 -2.6664395 -23.363359
v  1.7369641 -2.6664391 -20.868998
v  1.7369641 -2.9313693 -21.149921
v  -1.7313305 -2.6664391 -20.868998
v  -1.7313305 -2.9313693 -21.149921
v  -1.7313305 -3.9775274 -23.363359
v  1.7369641 -4.6045914 -24.761141
v  1.7369641 -4.2571278 -25.297842
v  1.7369641 -2.6664395 -25.297842
v  -1.7313305 -2.6664395 -23.363359
v  -1.7313305 -2.6664395 -25.297842
v  -1.7313305 -4.2571278 -25.297842
v  -1.7313305 -4.6045914 -24.761141
v  1.7369641 -4.6070437 -25.83564
v  -1.7313305 -4.6070433 -25.83564
v  -4.0745363e-08 3.0679345 -77.416695
v  -4.0745363e-08 3.067946 -8.6638651
v  0.74698865 2.758533 -8.6638651
v  0.74698865 2.7585216 -77.416695
v  -1.2223609e-07 3.3133016 -7.9208546
v  0.92048061 2.9320254 -7.9208546
v  1.0564018 2.0115438 -8.663867
v  1.0564018 2.0115333 -77.416695
v  0.74698865 1.2645555 -8.663866
v  0.74698865 1.264544 -77.416702
v  -0.92048109 2.9320254 -7.9208565
v  -1.3017566 2.0115447 -7.9208546
v  -1.3017569 2.0115457 -5.700079
v  -0.92048126 2.9320264 -5.700079
v  1.3017565 2.0115447 -7.9208546
v  -1.3387762e-07 0.9551425 -8.663866
v  -1.3387762e-07 0.95513201 -77.416702
v  0.92048043 2.9320264 -5.7000771
v  1.3017563 2.0115457 -5.700079
v  -0.74698895 1.2645555 -8.6638641
v  -0.74698895 1.264545 -77.416695
v  0.84537691 2.8569102 -77.730545
v  1.1955439 2.0115333 -77.730545
v  1.1955411 2.0115476 -80.899612
v  0.84537411 2.8569245 -80.899612
v  -0.74698895 2.758532 -8.663867
v  -1.0564017 2.0115438 -8.663867
v  -1.0564017 2.0115333 -77.416695
v  -0.74698895 2.7585216 -77.416695
v  -3.4924597e-07 3.3133025 -5.7000771
v  -4.4819899e-07 0.81598949 -77.730545
v  0.84537691 1.1661563 -77.730545
v  -0.84537786 1.1661563 -77.730545
v  -3.4924597e-07 3.2070775 -77.730545
v  -1.1955444 2.0115333 -77.730545
v  -0.84537786 2.8569102 -77.730545
v  -3.1432137e-06 3.2070909 -80.899612
v  -0.84538054 2.8569245 -80.899612
v  -1.1955472 2.0115476 -80.899612
v  -0.84538054 1.1661706 -80.899612
v  -3.2421667e-06 0.81600428 -80.89962
v  0.84537411 1.1661706 -80.89962
v  -0.98340714 2.0115485 -81.140068
v  -0.71563268 2.6580129 -81.140068
v  -0.71562487 2.6580195 -75.212982
v  -0.98339933 2.0115552 -75.212982
v  0.71562564 2.6580138 -81.140068
v  -3.3760443e-06 2.9544368 -81.140068
v  0.98340046 2.0115485 -81.140068
v  0.71562564 1.3650832 -81.140068
v  -3.3760443e-06 1.0686607 -81.140068
v  -0.7156325 1.3650832 -81.140068
v  0.98340833 2.0115542 -75.212982
v  0.71563345 2.6580195 -75.212982
v  -0.71562469 1.3650899 -75.212982
v  4.4645271e-06 1.068666 -75.21299
v  0.71563345 1.3650889 -75.21299
v  4.4645271e-06 2.9544425 -75.212982
v  -0.86790264 0.67165756 -75.515633
v  0.86790282 0.67165756 -75.515633
v  0.86790282 0.67165804 -72.322067
v  -0.86790264 0.67165804 -72.322067
v  0.86790282 3.2656798 -75.515633
v  0.86790282 3.2656798 -72.322067
v  1.1869292 2.8561416 -72.322067
v  1.1869292 2.8561416 -75.515633
v  -0.82463509 0.80575085 -75.649727
v  -1.0824716 1.1367383 -75.649727
v  -1.0824716 2.8005986 -75.649727
v  -0.82463509 3.1315866 -75.649727
v  0.82463521 3.1315866 -75.649727
v  1.0824718 2.8005986 -75.649727
v  1.0824718 1.1367383 -75.649727
v  0.82463521 0.80575085 -75.649727
v  0.82463521 0.80575132 -72.187981
v  1.0824718 1.1367388 -72.187981
v  1.0824718 2.8005986 -72.187981
v  0.82463521 3.1315866 -72.187981
v  -0.82463509 3.1315866 -72.187981
v  -1.0824716 2.8005986 -72.187981
v  -1.0824716 1.1367388 -72.187981
v  -0.82463509 0.80575132 -72.187981
v  1.1869292 1.0811958 -75.515633
v  1.1869292 1.0811963 -72.322067
v  -1.1869291 1.0811963 -72.322067
v  -1.1869291 2.8561416 -72.322067
v  -1.1869291 2.8561416 -75.515633
v  -1.1869291 1.0811958 -75.515633
v  -0.86790264 3.2656798 -75.515633
v  -0.86790264 3.2656798 -72.322067
v  2.1422257 -2.2501259 -9.7263966
v  -2.1422255 -6.5199714 8.7332821
v  2.1422257 -6.3296633 13.35539
v  2.1422257 -11.910748 18.655546
v  -2.1422255 0.073680401 41.182865
v  1.3065717 -10.502794 41.182865
v  1.3065717 -10.502123 35.344875
v  1.8610116 -10.111611 35.344875
v  1.8610116 -10.113923 41.182865
v  2.1422257 0.073680401 41.182865
v  1.6645489 2.1583686 -3.2431171
v  -1.6645489 2.1583686 -3.2431171
v  -2.1422255 1.435966 -28.975492
v  -2.1422255 1.5120959 -28.686588
v  -2.0023174 1.9690776 -28.654018
v  -2.0023174 1.8004813 -29.293829
v  2.1422257 1.5120959 -28.686588
v  2.1422257 1.435966 -28.975492
v  2.0023174 1.8004813 -29.293829
v  2.0023174 1.9690776 -28.654018
v  -2.1422255 1.0443344 -29.137712
v  -2.0023174 1.1305819 -29.571306
v  2.1422257 1.0443344 -29.137712
v  2.0023174 1.1305819 -29.571306
v  2.1422257 1.5107751 -9.7263966
v  2.0023174 1.9686923 -9.7263975
v  -2.1422255 1.5107751 -9.7263966
v  -2.0023174 1.9686923 -9.7263975
v  -2.0023174 1.9675002 -3.2431171
v  2.0023174 1.9675002 -3.2431171
v  -2.0023174 0.97405577 -2.3597806
v  2.0023174 0.97405577 -2.3597806
v  -2.0023174 0.97473431 0.90993363
v  2.0023174 0.97473431 0.90993363
v  2.0023174 0.97452116 1.9541876
v  -2.0023174 0.97452116 1.9541876
v  -2.0023174 0.97340012 4.1282911
v  2.0023174 0.97340012 4.1282911
v  2.0023174 1.8109002 5.3266149
v  -2.0023174 1.8109002 5.3266149
v  2.0023174 1.8101516 6.7303677
v  -2.0023174 1.8101516 6.7303677
v  -2.0023174 0.84107924 7.3466482
v  2.0023174 0.84107924 7.3466482
v  -2.0023174 1.425446 8.7332811
v  -2.1422255 0.96475267 8.7332811
v  2.0023174 1.425446 8.7332811
v  2.0023174 1.4271073 12.345373
v  -2.0023174 1.4271073 12.345373
v  -2.0023174 0.93268251 13.355389
v  2.0023174 0.93268251 13.355389
v  2.0023174 0.50297737 14.375943
v  -2.0023174 0.50297737 14.375943
v  2.0023174 0.50522327 15.644037
v  -2.0023174 0.50522327 15.643984
v  -2.0023174 0.50690603 18.655544
v  -2.1422255 0.060407639 18.655544
v  2.0023174 0.50690603 18.655544
v  2.1422257 0.060407639 18.655544
v  2.0023174 0.50816107 22.441977
v  2.1422257 0.064692497 22.441977
v  -2.1422255 0.064692497 22.441977
v  -2.0023174 0.50816107 22.441977
v  2.0023174 0.50908995 26.25799
v  -2.0023174 0.50908995 26.25799
v  -2.0023174 0.50976467 27.973717
v  2.0023174 0.50976467 27.973717
v  2.0023174 0.51024103 29.630285
v  -2.0023174 0.51024103 29.630285
v  -2.0023174 0.51055717 33.697735
v  2.0023174 0.51055717 33.697735
v  -2.0023174 0.51073647 34.560532
v  2.0023174 0.51073647 34.560532
v  2.0023174 0.51079559 41.182865
v  -2.0023174 0.51079559 41.182865
v  -2.1370928 -10.798217 40.802486
v  2.1422257 1.0118985 -9.7263966
v  2.1422257 1.0118961 -24.22086
v  1.700346 -3.1832876 13.221445
v  -1.700346 -3.1832876 13.221442
v  -2.1422255 -6.343298 9.1396132
v  2.1422255 -5.7051291 8.5596857
v  -2.1422255 -2.5282931 8.8223677
v  -2.1422255 -5.7051291 8.5596857
v  2.1422253 -3.7543118 14.240026
v  1.700346 -3.7436028 13.672781
v  -1.7003462 -3.7436023 13.672784
v  -2.1422255 -3.937083 7.6051302
v  1.7065531 0.68654299 13.338378
v  -1.7065527 0.68654299 13.338378
v  1.6595387 -4.4357691 25.116306
v  -1.6595391 -4.4357691 25.116306
v  2.1422255 -3.7040107 17.421961
v  2.1422255 -5.8155851 17.421963
v  -2.1422255 -4.37146 25.439615
v  -2.1422255 -6.376277 25.439615
v  2.1422246 -8.6424742 19.660847
v  2.1422257 -8.6437321 23.017754
v  -1.6595391 -8.287673 19.814075
v  1.6595386 -8.287673 19.814074
v  1.6595386 -2.787673 18.725918
v  -1.6595391 -2.787673 18.725918
v  -2.1422255 -2.4569988 18.717747
v  -2.1422255 -2.457778 22.441978
v  -1.6595391 -6.3119678 25.116306
v  1.6595387 -6.3119678 25.116306
v  -1.6595391 -2.7876716 22.441978
v  1.6595393 -2.787673 22.441978
v  2.1422257 -2.4577799 22.441978
v  2.1422253 -2.4569988 18.717747
v  -2.1422255 -3.7040107 17.421961
v  -2.1422255 -2.8458881 17.777407
v  2.142226 -2.8458889 17.777407
v  -2.1422255 -5.8152471 17.421963
v  2.1422255 -8.1156721 18.382435
v  -2.1422255 -8.1157255 18.382605
v  -2.1422255 -8.6439781 23.016121
v  -2.1422255 -7.903985 24.806816
v  2.1422262 -2.4580317 23.517233
v  -2.1422255 -2.4580317 23.517233
v  -2.1422255 -3.0229397 24.881035
v  2.1422248 -6.376277 25.439615
v  2.142226 -7.9044857 24.806606
v  -2.2193921 -6.4751916 38.313366
v  2.2193921 -6.4751916 38.313366
v  2.2193921 -6.9722877 38.600368
v  -2.2193921 -6.9722877 38.600368
v  2.2193921 -6.9722877 39.174358
v  -2.2193921 -6.9722877 39.174358
v  2.2193921 -6.4751916 39.461361
v  -2.2193921 -6.4751916 39.461361
v  2.2193921 -5.9780955 39.174358
v  -2.2193921 -5.9780955 39.174358
v  2.2193921 -5.9780955 38.600368
v  -2.2193921 -5.9780955 38.600368
v  -2.2193921 -0.90579987 35.238594
v  2.2193921 -0.90579987 35.238594
v  2.2193921 -1.4028955 35.525597
v  -2.2193921 -1.4028955 35.525597
v  2.2193921 -1.4028955 36.09959
v  -2.2193921 -1.4028955 36.09959
v  2.2193921 -0.90579939 36.386593
v  -2.2193921 -0.90579939 36.386593
v  2.2193921 -0.40870333 36.09959
v  -2.2193921 -0.40870333 36.09959
v  2.2193921 -0.40870333 35.525597
v  -2.2193921 -0.40870333 35.525597
v  -2.2193921 -0.90580082 26.749138
v  2.2193921 -0.90580082 26.749138
v  2.2193921 -1.4028969 27.036144
v  -2.2193921 -1.4028969 27.036144
v  2.2193921 -1.4028969 27.610136
v  -2.2193921 -1.4028969 27.610136
v  2.2193921 -0.90580082 27.897137
v  -2.2193921 -0.90580082 27.897137
v  2.2193921 -0.40870476 27.610134
v  -2.2193921 -0.40870476 27.610134
v  2.2193921 -0.40870476 27.036142
v  -2.2193921 -0.40870476 27.036142
v  -2.2193921 -0.87795591 16.445759
v  2.2193921 -0.87795591 16.445759
v  2.2193921 -1.375052 16.732761
v  -2.2193921 -1.375052 16.732761
v  2.2193921 -1.375052 17.306755
v  -2.2193921 -1.375052 17.306755
v  2.2193921 -0.87795591 17.593756
v  -2.2193921 -0.87795591 17.593756
v  2.2193921 -0.38085938 17.306755
v  -2.2193921 -0.38085938 17.306755
v  2.2193921 -0.38085938 16.732761
v  -2.2193921 -0.38085938 16.732761
v  -2.2193921 -10.318077 16.863464
v  2.2193921 -10.318077 16.863464
v  2.2193921 -10.815174 17.150467
v  -2.2193921 -10.815174 17.150467
v  2.2193921 -10.815174 17.724459
v  -2.2193921 -10.815174 17.724459
v  2.2193921 -10.318077 18.011461
v  -2.2193921 -10.318077 18.011461
v  2.2193921 -9.820982 17.724459
v  -2.2193921 -9.820982 17.724459
v  2.2193921 -9.820982 17.150467
v  -2.2193921 -9.820982 17.150467
v  -2.2193921 -1.0951681 -14.293952
v  2.2193921 -1.0951681 -14.293952
v  2.2193921 -1.5922637 -14.006951
v  -2.2193921 -1.5922637 -14.006951
v  2.2193921 -1.5922637 -13.432959
v  -2.2193921 -1.5922637 -13.432959
v  2.2193921 -1.0951676 -13.145956
v  -2.2193921 -1.0951676 -13.145956
v  2.2193921 -0.59807158 -13.432959
v  -2.2193921 -0.59807158 -13.432959
v  2.2193921 -0.59807158 -14.006951
v  -2.2193921 -0.59807158 -14.006951
v  -2.2193921 -0.99847889 -24.137077
v  2.2193921 -0.99847889 -24.137077
v  2.2193921 -1.495575 -23.850075
v  -2.2193921 -1.495575 -23.850075
v  2.2193921 -1.495575 -23.276083
v  -2.2193921 -1.495575 -23.276083
v  2.2193921 -0.99847841 -22.989082
v  -2.2193921 -0.99847841 -22.989082
v  2.2193921 -0.50138283 -23.276085
v  -2.2193921 -0.50138283 -23.276085
v  2.2193921 -0.50138283 -23.850077
v  -2.2193921 -0.50138283 -23.850077
v  2.1422255 1.011899 -6.7299147
v  -2.1422257 -0.19090271 -28.67556
v  -2.1422257 -1.8587637 -24.494375
v  -2.1422255 -0.19089985 -9.7263966
v  -2.1422257 0.73837852 -28.67556
v  -1.0221995 -3.6964426 13.101178
v  -1.0221995 -2.7094016 13.101178
v  -1.0221995 -2.7094016 12.206242
v  -1.0221995 -3.6964428 12.206242
v  0.0012677162 -2.7094016 12.206242
v  0.0012677162 -3.6964428 12.206242
v  0.0012677162 -2.7094016 13.101178
v  0.0012677162 -3.6964426 13.101178
v  -0.906394 -4.4819126 12.872855
v  -0.11453791 -4.4819126 12.872855
v  -0.88513166 -5.2215595 12.534884
v  -0.13580023 -5.2215595 12.534884
v  -0.11453791 -4.4819126 12.180443
v  -0.906394 -4.4819126 12.180443
v  -0.88513166 -5.0821862 11.894653
v  -0.13580023 -5.0821862 11.894653
v  -0.27896178 -5.6067915 11.273841
v  -0.74197018 -5.6067915 11.273841
v  -0.27896178 -5.7118397 11.756394
v  -0.51046598 -5.7322512 11.00537
v  -0.74197018 -5.7118397 11.756394
v  -2.1496582 -3.2533274 -25.359306
v  -1.6373823 -3.2533274 -25.359306
v  -1.637383 -3.9044042 -33.447491
v  -2.1496589 -3.9044042 -33.447491
v  1.6493055 -3.2533305 -25.359331
v  2.1615818 -3.2533305 -25.359331
v  2.1615818 -3.9044068 -33.447521
v  1.6493055 -3.9044068 -33.447521
v  2.1615818 -4.0127344 -25.298203
v  1.7995185 -3.1922007 -24.599928
v  1.7995185 -3.9516048 -24.538797
v  1.6493055 -3.1922007 -24.599928
v  1.6493055 -3.9516048 -24.538797
v  1.6493055 -4.0127344 -25.298203
v  2.1615818 -3.9277484 -33.700951
v  1.6493055 -3.9277484 -33.700951
v  1.6493055 -4.6638107 -33.386391
v  2.1615818 -4.6638107 -33.386391
v  1.6493055 -4.6888771 -33.734329
v  1.6493055 -3.8163798 -44.989182
v  1.6493055 -4.5775089 -45.02256
v  2.1615818 -4.6888771 -33.734329
v  2.1615818 -3.8163798 -44.989182
v  2.1615818 -4.5775089 -45.02256
v  2.2357492 -4.6840401 -45.11097
v  2.2357492 -3.7025175 -45.067932
v  1.5751379 -3.7025175 -45.067932
v  2.2357492 -3.6331983 -46.648621
v  1.5751379 -3.6331983 -46.648621
v  1.5751379 -4.6840401 -45.11097
v  2.2357492 -4.6147208 -46.691669
v  2.3123844 -4.7259827 -46.755989
v  2.3123844 -3.5167336 -46.702957
v  1.5751379 -4.6147208 -46.691669
v  2.3123844 -4.6541834 -48.269276
v  2.3123844 -3.4449341 -48.216244
v  1.4985027 -4.7259827 -46.755989
v  1.4985027 -3.5167336 -46.702957
v  1.4985027 -3.4449341 -48.216244
v  1.4985027 -4.6541834 -48.269276
v  1.5871711 -4.5258026 -48.510834
v  1.5871711 -3.5625274 -48.468594
v  2.223716 -3.5625274 -48.468594
v  2.223716 -4.5258026 -48.510834
v  -1.7427804 -3.951601 -24.538771
v  -1.7427804 -3.1921973 -24.599901
v  -1.9206407 -3.1921973 -24.599901
v  -1.9206407 -3.951601 -24.538771
v  -2.1496584 -4.0127306 -25.298176
v  -1.6373823 -4.0127306 -25.298176
v  -1.637383 -3.9277458 -33.70092
v  -2.1496589 -3.9277458 -33.70092
v  -2.1496589 -4.6638079 -33.38636
v  -1.637383 -4.6638079 -33.38636
v  -2.1496589 -4.6888752 -33.734299
v  -2.1496599 -3.8163779 -44.989151
v  -2.1496599 -4.577507 -45.02253
v  -1.637383 -4.6888752 -33.734299
v  -1.6373837 -3.8163779 -44.989151
v  -1.6373837 -4.577507 -45.02253
v  -1.5632166 -4.6840386 -45.110943
v  -1.5632166 -3.7025158 -45.067902
v  -2.2238276 -3.7025158 -45.067902
v  -1.5632166 -3.6331966 -46.64859
v  -2.2238278 -3.6331966 -46.64859
v  -2.2238278 -4.6840386 -45.110943
v  -1.5632166 -4.6147194 -46.691639
v  -1.4865813 -4.7259812 -46.755959
v  -1.4865813 -3.5167322 -46.702927
v  -2.2238278 -4.6147194 -46.691639
v  -1.4865817 -4.6541815 -48.269245
v  -1.4865817 -3.4449327 -48.216213
v  -2.300463 -4.7259812 -46.755959
v  -2.300463 -3.5167322 -46.702927
v  -2.300463 -3.4449327 -48.216213
v  -2.300463 -4.6541815 -48.269245
v  -2.2117944 -4.5258017 -48.510803
v  -2.2117944 -3.562526 -48.468563
v  -1.5752504 -3.562526 -48.468563
v  -1.5752504 -4.5258017 -48.510803
v  -1.2398489 3.5337939 6.6889877
v  -0.88407618 5.930985 6.6889877
v  -0.88407618 5.930985 5.0240726
v  -1.2398489 3.5337939 5.0240736
v  0.88407618 5.930985 5.0240726
v  1.239849 3.5337939 5.0240736
v  0.88407618 5.930985 6.6889877
v  1.239849 3.5337939 6.6889877
v  -1.2398489 3.533792 -1.4253917
v  -0.88407618 5.9309831 -1.4253922
v  -0.88407618 5.9309831 -3.0903075
v  -1.2398489 3.533792 -3.0903075
v  -1.3945274 8.0153751 5.0240726
v  -1.3945274 8.0153751 6.6889877
v  -0.65472907 8.7640572 6.6889877
v  -0.65472907 8.7640572 5.0240726
v  0.65472913 8.7640572 5.0240726
v  0.65472913 8.7640572 6.6889877
v  1.3945276 8.0153751 6.6889877
v  1.3945276 8.0153751 5.0240726
v  1.3945276 6.9731793 5.0240726
v  1.3945276 6.9731793 6.6889877
v  -1.3945274 6.9731793 5.0240726
v  -1.3945274 6.9731793 6.6889877
v  1.9753115 5.3689036 -10.735351
v  -3.1432137e-07 4.5507035 -10.735351
v  -3.1432137e-07 4.5507026 -13.693505
v  1.9753115 5.3689017 -13.693505
v  -0.94153208 8.2857456 -4.700716
v  -2.9103829e-08 8.6757412 -4.700716
v  -6.9849193e-08 10.137728 -10.735352
v  -1.9753115 9.3195248 -10.735352
v  -2.9103829e-08 8.6757431 7.5111465
v  0.94153196 8.2857475 7.5111465
v  0.94153196 8.2857456 -4.700716
v  2.7935123 7.344214 -10.735351
v  2.7935123 7.344213 -13.693505
v  -0.94153208 6.4026828 -4.700716
v  -1.3315271 7.344214 -4.700716
v  -2.7935119 7.344214 -10.735351
v  -1.9753115 5.3689036 -10.735351
v  1.3315272 7.3442159 7.5111465
v  1.3315272 7.344214 -4.700716
v  -1.9753115 5.3689017 -13.693505
v  1.9753115 9.3195248 -10.735352
v  0.94153196 6.4026847 7.5111465
v  0.94153196 6.4026828 -4.700716
v  -1.9753115 9.3195248 -13.693506
v  -2.7935119 7.344213 -13.693505
v  -1.3969839e-07 6.0126882 7.5111475
v  -1.3969839e-07 6.0126872 -4.7007151
v  1.9753115 9.3195248 -13.693506
v  -0.94153208 6.4026847 7.5111465
v  2.0094569 5.3347573 -13.800498
v  2.8418009 7.344213 -13.800498
v  -1.3315271 7.3442159 7.5111465
v  1.247586 6.0966306 10.977735
v  -1.5657861e-06 5.5798621 10.977735
v  -0.94153208 8.2857475 7.5111437
v  -6.9849193e-08 10.137728 -13.693506
v  -6.9849193e-08 10.186016 -13.800499
v  2.0094569 9.3536701 -13.800499
v  2.0094569 9.3536701 -14.124331
v  -6.9849193e-08 10.186016 -14.124331
v  -2.0094569 5.3347573 -13.800498
v  -3.1432137e-07 4.5024142 -13.800498
v  -2.0094569 9.3536701 -13.800499
v  -2.8418007 7.344213 -13.800498
v  -2.0094569 9.3536701 -14.124331
v  -2.8418007 7.344213 -14.124331
v  -2.0094569 5.3347573 -14.124331
v  2.8418009 7.344213 -14.124331
v  -3.1432137e-07 4.5024142 -14.124331
v  2.0094569 5.3347573 -14.124331
v  -1.816184 5.5759053 -14.2998
v  -2.548641 7.344213 -14.2998
v  -2.548641 7.344213 -14.071939
v  -1.816184 5.5759053 -14.071939
v  1.7643535 7.3442168 10.977735
v  1.247586 8.5918045 10.977734
v  1.2475847 8.5918045 15.186141
v  1.7643522 7.3442168 15.186142
v  -1.2475888 8.5918045 10.977731
v  -1.4086255e-06 9.108572 10.977734
v  -1.2475888 6.0966306 10.977735
v  -1.7643561 7.3442168 10.977735
v  -2.6600899e-06 9.108572 15.186141
v  -1.2475901 8.5918045 15.186138
v  -1.2853686 8.6295815 15.243928
v  -2.6775522e-06 9.1619987 15.243931
v  -1.7643574 7.3442168 15.186142
v  -2.8172506e-06 5.5798621 15.186142
v  -1.2475901 6.0966287 15.186142
v  1.2475847 6.0966287 15.186142
v  -2.8405336e-06 5.5264354 15.243932
v  1.2853633 6.0588498 15.243932
v  1.2853628 6.0588527 16.818995
v  -3.2945536e-06 5.5264363 16.818995
v  -1.2853686 6.0588498 15.243932
v  -1.8177844 7.3442168 15.243932
v  1.2853633 8.6295815 15.243931
v  1.8177793 7.3442168 15.243932
v  1.2853628 8.6295834 16.818993
v  1.8177788 7.3442178 16.818995
v  -1.6015443 7.3442178 16.944599
v  -1.1423924 6.2357278 16.944599
v  -1.1423922 6.2357278 16.789379
v  -1.6015443 7.3442178 16.789379
v  -1.8177848 7.3442178 16.818995
v  -1.285369 8.6295834 16.818989
v  -1.285369 6.0588527 16.818995
v  -3.1315722e-06 9.1619987 16.818993
v  1.1423866 8.4527092 16.789377
v  -3.1141099e-06 8.9259033 16.789377
v  -1.1423926 8.4527092 16.789375
v  -3.2479875e-06 5.7625356 16.789379
v  1.1423862 6.2357278 16.789379
v  1.6015383 7.3442178 16.789379
v  0.88407618 5.9309831 -3.0903075
v  1.239849 3.533792 -3.0903075
v  0.88407618 5.9309831 -1.4253922
v  1.239849 3.533792 -1.4253917
v  -1.3945274 8.0153732 -3.090308
v  -1.3945274 8.0153732 -1.4253924
v  -0.65472907 8.7640553 -1.4253926
v  -0.65472907 8.7640553 -3.090308
v  0.65472913 8.7640553 -3.090308
v  0.65472913 8.7640553 -1.4253926
v  1.3945276 8.0153732 -1.4253924
v  1.3945276 8.0153732 -3.090308
v  1.3945276 6.9731774 -3.090308
v  1.3945276 6.9731774 -1.4253922
v  -1.3945274 6.9731774 -3.090308
v  -1.3945274 6.9731774 -1.4253922
v  -7.5669959e-08 9.8648109 -14.2998
v  -1.816184 9.1125221 -14.2998
v  -3.0267984e-07 4.8236175 -14.2998
v  1.8161839 5.5759053 -14.2998
v  2.5486414 7.344213 -14.2998
v  1.8161839 9.1125221 -14.2998
v  -7.5669959e-08 9.8648109 -14.07194
v  1.8161839 9.1125221 -14.07194
v  2.5486414 7.344213 -14.071939
v  1.8161839 5.5759053 -14.071939
v  -3.0267984e-07 4.8236175 -14.071939
v  -1.816184 9.1125221 -14.07194
v  -3.1664968e-06 8.9259033 16.944597
v  1.1423864 8.4527092 16.944597
v  1.6015383 7.3442178 16.944599
v  1.1423862 6.2357278 16.944599
v  -3.3061951e-06 5.7625356 16.944599
v  -1.1423929 8.4527092 16.944595
v  3.9581209e-07 6.0614467 0.36508965
v  3.9581209e-07 7.4485307 -0.20945907
v  1.6988237 7.4485307 0.77135623
v  1.2012492 6.0614467 1.0586314
v  3.9581209e-07 8.8356113 0.3650893
v  2.3865141e-07 9.2805786 1.7521727
v  1.2012492 8.8356113 1.0586309
v  3.9581209e-07 5.6164813 1.7521733
v  1.6988237 7.4485307 2.7329869
v  1.2012492 6.0614467 2.4457135
v  1.2012492 8.8356113 2.445713
v  6.98492e-08 7.4485307 3.7138004
v  1.8626451e-07 6.0614467 3.1392536
v  1.8626451e-07 8.8356113 3.1392534
v  -1.6988229 7.4485307 2.7329869
v  -1.2012486 6.0614467 2.4457135
v  -1.2012486 8.8356113 2.445713
v  -1.6988205 7.4485307 0.77135468
v  -1.2012486 6.0614467 1.0586314
v  -1.2012486 8.8356113 1.0586309
v  -1.4442225 7.5057778 -2.7387211
v  1.4442226 7.5057778 -2.7387211
v  1.4442226 7.0764518 -2.490845
v  -1.4442225 7.0764518 -2.490845
v  1.4442226 7.0764518 -1.9951069
v  -1.4442225 7.0764518 -1.9951069
v  1.4442226 7.5057778 -1.7472305
v  -1.4442225 7.5057778 -1.7472305
v  1.4442226 7.9351058 -1.9951069
v  -1.4442225 7.9351058 -1.9951069
v  1.4442226 7.9351058 -2.490845
v  -1.4442225 7.9351058 -2.490845
v  -1.4442225 7.5057797 5.3059597
v  1.4442226 7.5057797 5.3059597
v  1.4442226 7.0764537 5.553834
v  -1.4442225 7.0764537 5.553834
v  1.4442226 7.0764537 6.049572
v  -1.4442225 7.0764537 6.049572
v  1.4442226 7.5057797 6.2974501
v  -1.4442225 7.5057797 6.2974501
v  1.4442226 7.9351077 6.049572
v  -1.4442225 7.9351077 6.049572
v  1.4442226 7.9351077 5.553834
v  -1.4442225 7.9351077 5.553834
v  1.2677914 2.2136903 15.987576
v  1.1865749 2.8554854 15.987576
v  -1.1865749 2.8554854 15.987576
v  -1.2677913 2.2136903 15.987576
v  1.4320451 2.3811669 13.028522
v  1.3720386 2.8553538 13.028522
v  1.3720386 2.8553538 15.647283
v  1.4320451 2.3811669 15.647283
v  -1.4320451 2.3811669 15.647283
v  -1.3720385 2.8553538 15.647283
v  -1.3720385 2.8553538 13.028522
v  -1.4320451 2.3811669 13.028522
v  -1.1567349 3.0904651 13.028522
v  1.1567352 3.0904651 13.028522
v  1.1567352 3.0904651 15.647283
v  -1.1567349 3.0904651 15.647283
v  1.4692875 0.62141371 15.987577
v  1.6547345 0.62141371 15.647284
v  -1.4692875 0.62141371 15.987577
v  -1.6547345 0.62141371 15.647284
v  1.6547345 0.62141323 13.028523
v  -1.6547345 0.62141323 13.028523
v  -1.4320451 2.381166 7.7167664
v  -1.6547345 0.62141228 7.7167664
v  1.4320451 2.381166 7.7167664
v  1.6547345 0.62141228 7.7167664
v  4.4178748 1.5217252 13.924828
v  4.4178748 1.5217252 14.798906
v  4.6705503 1.483479 14.798906
v  4.6705503 1.483479 13.924828
v  1.3566478 1.2042165 14.026814
v  1.4569381 1.8667712 14.026814
v  4.141892 1.3815589 14.104721
v  4.0649214 0.8730607 14.104721
v  4.0649214 0.8730607 14.619014
v  4.2870574 0.65749502 13.924828
v  4.2870574 0.65749502 14.798906
v  4.141892 1.3815589 14.619014
v  1.4569381 1.8667712 14.696919
v  1.3566478 1.2042165 14.696919
v  4.5397325 0.61924744 14.798906
v  4.7282252 0.73819637 14.653084
v  4.8153949 1.3140731 14.653084
v  4.5397325 0.61924744 13.924828
v  4.7282252 0.73819637 14.070648
v  4.8153949 1.3140731 14.070648

# 0 UV coordinates

# 805 vertex normals
vn -99.928757 -3.7742488 6.1490317e-07
vn 99.926414 3.8355577 -6.248917e-07
vn -99.334122 -2.7588706 -11.185657
vn 99.903419 4.393981 -7.1587039e-07
vn -2.4406092 96.336456 -26.708241
vn -2.7391798 99.081535 -13.241948
vn -7.8207231e-06 -100 1.6292068e-05
vn 0 4.0103798e-05 100
vn -2.5326142 99.967926 6.1627179e-06
vn -99.981544 -1.9210371 3.1297665e-07
vn -1.0026984e-05 -100 -6.1668488e-06
vn 99.283455 4.1106973 -11.220403
vn -2.9675484 99.955956 -1.5647665e-05
vn -6.5829854e-06 -98.536118 -17.048008
vn 96.729675 3.7128532 -25.091562
vn -96.530342 -3.6458986 -25.857321
vn -9.4626703e-06 -94.372063 -33.074409
vn 0 -1.6292068e-05 -100
vn 0 1.6292068e-05 100
vn 0 100 -1.6292068e-05
vn 0 99.533264 9.6502724
vn -100 4.4969855e-13 2.76023e-06
vn 100 0 0
vn 0 -99.546341 -9.5145321
vn 0 99.999992 -1.6292066e-05
vn 100 -2.8299173e-13 -1.7369908e-06
vn -99.999992 2.829917e-13 1.7369906e-06
vn -96.759254 -25.130383 -2.4721215
vn -96.759254 4.1140215e-06 25.251684
vn -96.759254 25.25169 -4.1140224e-06
vn -96.75927 -4.1140102e-06 -25.251616
vn 96.759285 -4.114002e-06 -25.251564
vn 96.759254 -25.130383 -2.4721174
vn 96.759262 25.251657 -4.114017e-06
vn 96.759239 4.1140288e-06 25.251728
vn -100 0 -0
vn 0 -100 1.6292068e-05
vn -100 -2.2279104e-13 -1.3674817e-06
vn -100 2.7846159e-14 1.709185e-07
vn 0 70.710594 70.710754
vn 0 -70.710548 -70.710808
vn 0 70.710617 -70.710739
vn 100 1.113955e-13 6.8374072e-07
vn -0.00043586278 100 -1.6292068e-05
vn -0.00077901047 99.999992 -1.6292066e-05
vn 0 -70.710449 70.710892
vn 0 70.710808 -70.710564
vn 0 96.699051 -25.48123
vn 99.962212 -1.9438386 -1.9438539
vn 0 -94.833397 -31.727388
vn 0 38.268501 -92.387901
vn 0 -9.097992e-05 -100
vn -99.962212 -1.9438386 -1.9438379
vn 0 -99.999992 0.0008869429
vn 0 -99.999992 0.037170589
vn 0 -99.999992 0.022609252
vn 0 -92.841591 -37.154263
vn 0 -89.220146 45.16375
vn -100 -1.9473147e-12 -1.1952532e-05
vn 0 81.923164 -57.346268
vn 0 -100 0.022119502
vn 0 -99.99971 0.23757602
vn 0 -99.999985 0.05916968
vn 0 53.62328 84.407021
vn 0 -65.179306 75.839684
vn 0 92.206337 -38.703892
vn 0 -61.482624 -78.866257
vn 0 -98.293945 18.39295
vn 0 -99.999992 -0.0027476959
vn 100 -6.0828065e-06 -2.3525328e-05
vn 100 0.00010531773 5.9650361e-06
vn 100 -2.4575997e-06 3.9355138e-05
vn 0 89.744865 44.111893
vn 0 92.075165 39.014915
vn 4.0276032e-06 -82.093132 57.102684
vn 2.5658181e-05 -19.918215 -97.996254
vn -61.923611 -78.520485 0.012568583
vn -6.4333817e-06 94.591415 -32.441711
vn -5.8414416e-06 -38.268436 92.387901
vn 99.341576 -1.9760925 11.284738
vn -99.340714 -1.9770232 11.292246
vn 0.54086077 -99.432983 10.620326
vn -0.19122246 -92.13028 38.884102
vn 2.0767066e-06 38.268303 92.387978
vn 0.74278599 -93.128227 36.422249
vn -98.967293 -4.243237 13.691939
vn 100 -4.4565991e-06 -6.4976877e-05
vn -99.999992 2.2526863e-12 1.3826891e-05
vn 0 92.387917 -38.268421
vn 3.475765e-05 -92.387955 -38.268341
vn 0.25555548 -99.99968 -0.0048012128
vn 0.19075696 -61.134155 79.136452
vn 100 2.2630326e-12 1.3890396e-05
vn 100 -1.4014392e-12 -8.6019727e-06
vn 22.923542 -28.54133 -93.058609
vn -56.581287 -82.453369 -0.016981369
vn -55.669109 -83.071762 0.18684384
vn 0.059127469 -27.126099 -96.250565
vn 99.348831 -1.3735052 11.310282
vn -99.348274 -1.3687876 11.315802
vn 0 94.459679 -32.823303
vn 0 -92.625313 -37.690216
vn 99.585709 -0.49531022 9.07971
vn 0 99.994507 1.0476397
vn 0 2.5062671e-05 -100
vn 0 11.313317 99.358002
vn 0 -2.3410399 99.972588
vn 98.396759 17.798992 -1.1288246
vn -98.396751 17.798996 -1.1288235
vn 0 15.300962 -98.822472
vn -80.153976 59.788658 -0.81025279
vn 0 70.710892 -70.710464
vn 80.153976 59.78867 -0.81025279
vn 99.196129 1.4316057 12.572929
vn -98.753876 15.737571 -4.08604e-06
vn -98.778969 15.579329 -0.0012423038
vn 98.777763 15.586879 -2.5394247e-06
vn 98.763344 15.67808 0.00073217828
vn 98.777771 15.58688 -2.5394249e-06
vn 0 89.029198 45.539032
vn -98.778786 15.580513 0.0072234147
vn 0 3.878654 -99.924744
vn 0 58.43047 81.153442
vn 0 -18.562216 -98.262115
vn 99.999992 3.3271292e-13 2.0421774e-06
vn 0 -72.751144 68.609566
vn 0 -90.410294 42.731483
vn 100 7.3677192e-13 4.5222737e-06
vn -100 1.1051578e-12 6.7834108e-06
vn -99.999992 0 -0
vn 0 -91.239433 40.931221
vn 100 -6.9290456e-13 -4.2530178e-06
vn -100 -6.9290466e-13 -4.2530187e-06
vn 99.999992 0 0
vn -99.999992 3.1638988e-12 1.9419873e-05
vn -3.904785e-06 -99.999741 0.22819649
vn -5.400545e-06 -91.42527 -40.514442
vn 38.268398 92.387932 -1.5051904e-05
vn 36.602867 88.367035 -29.180395
vn 92.387939 38.268383 -5.9968143e-06
vn 92.387947 -38.268364 5.9729309e-06
vn -92.387947 38.268353 -1.281153e-05
vn 88.367058 36.602882 -29.180332
vn 38.26828 -92.387978 1.454472e-05
vn 92.387947 38.268372 1.3495758e-05
vn -38.268276 -92.387978 1.4050726e-05
vn 92.387924 38.26841 8.4093874e-05
vn -36.602848 88.367058 -29.180374
vn -92.387955 -38.268333 5.8659184e-06
vn -92.387947 38.268356 -5.7961215e-06
vn 38.268356 92.387947 3.8564485e-06
vn -88.367065 36.60284 -29.180357
vn -38.268394 92.387932 -1.4561074e-05
vn 35.41309 -85.494102 37.903454
vn -38.268311 92.387962 -1.8340319e-05
vn -35.41293 -85.494102 37.903625
vn 35.41272 85.494469 37.902973
vn 85.494408 35.412521 37.903309
vn -85.493889 -35.413845 37.903202
vn -35.412708 85.494438 37.903042
vn 85.494675 -35.411793 37.903385
vn -85.494118 35.413197 37.903328
vn -38.268288 92.387978 0.00043063136
vn -92.387947 38.268341 0.00024718724
vn -38.268345 -92.387947 -0.00038609497
vn 92.387917 -38.268421 -0.00024969637
vn -92.387947 -38.268341 -9.1621303e-05
vn 38.268341 -92.387947 -0.00044223675
vn 92.387947 -38.268353 -8.2360617e-05
vn 27.458344 66.289467 -69.654488
vn 71.612236 29.663383 -63.180462
vn 71.612381 -29.662445 -63.180748
vn 27.457857 -66.290077 -69.654091
vn -27.458319 -66.290062 -69.653923
vn -71.612335 -29.662535 -63.180748
vn -71.612503 29.662561 -63.180557
vn -27.458328 66.289429 -69.65451
vn 38.268341 92.387947 0.00036382646
vn -92.387947 -38.268364 0.00015710972
vn 38.268326 92.387962 -0.00014084576
vn -92.387932 38.268394 8.6746484e-05
vn 92.387939 38.268394 -0.00016149599
vn -38.268314 -92.38797 0.00013529936
vn 38.268288 -92.387978 3.9814484e-05
vn -38.268349 92.387947 -3.4267741e-05
vn 78.888878 61.453594 -1.0012061e-05
vn 78.888878 -61.453594 1.0012061e-05
vn -78.888878 61.453594 -1.0012061e-05
vn -59.543533 -46.385429 -65.596939
vn -59.543533 -46.385406 65.596954
vn -59.543598 46.385349 65.596947
vn -59.544373 46.383133 -65.597816
vn 59.543575 -46.385437 65.596901
vn 59.54435 -46.383274 -65.597748
vn 59.544392 46.383148 -65.597794
vn 59.543633 46.385372 65.596893
vn 0 -70.708626 -70.712738
vn 0 -70.710037 70.711319
vn -78.888634 1.0012112e-05 61.453907
vn -78.888634 -1.0012112e-05 -61.453907
vn 78.888687 1.0012101e-05 61.453842
vn 0 70.710068 70.711288
vn 0 70.708595 -70.712769
vn 78.888687 -1.0012101e-05 -61.453842
vn -78.888878 -61.453594 1.0012061e-05
vn 55.669128 -83.071732 0.18684442
vn -57.999249 -77.254517 -25.84235
vn 57.999264 -77.254509 -25.842344
vn 60.116821 -79.912224 0.065559812
vn -60.116791 -79.912231 0.065559804
vn -60.256046 -79.807312 0.039819073
vn 60.256058 -79.807304 0.03981895
vn 56.052101 -73.860146 37.454506
vn -56.05209 -73.860153 37.454506
vn -57.718666 -75.817871 -30.334923
vn 57.718678 -75.817863 -30.334917
vn 60.627319 -79.525635 0.038827814
vn -60.627304 -79.52565 0.038827818
vn 60.768188 -79.417984 0.10371654
vn -60.768173 -79.417999 0.10371644
vn -61.060612 -79.192368 0.41492754
vn 61.060612 -79.192368 0.41493756
vn -43.225189 -55.481499 -71.087181
vn 43.225201 -55.481487 -71.087166
vn 61.656517 -78.730385 -0.0048679053
vn -61.656498 -78.730392 -0.0048679002
vn -61.065544 -77.827042 14.627067
vn 61.065586 -77.827003 14.627072
vn 54.301132 -68.914268 47.981358
vn -54.301132 -68.914299 47.981312
vn -0.19170231 -99.999817 0.011656465
vn 89.367279 -13.063069 -42.928375
vn 57.119675 -75.624969 31.909349
vn -58.77832 -74.532188 31.465219
vn -56.834633 -69.752396 43.639751
vn 59.707878 -68.147217 42.319332
vn 47.060204 -54.000809 69.780022
vn -44.697178 -54.638344 70.829468
vn -63.484509 -77.263954 0.0058708414
vn 65.439537 -75.61525 -0.021786774
vn -99.961975 -2.7222059 0.44105545
vn 57.502945 -81.813271 -0.020900806
vn 99.961876 -2.7259116 0.43814111
vn 0.14595109 -99.999901 -0.010410446
vn -22.037769 -28.593287 -93.256416
vn 0 66.468376 74.712486
vn -95.168388 29.694326 -7.8247342
vn -46.948414 85.379601 -22.498262
vn 95.168388 29.694326 -7.8247514
vn 46.948414 85.379601 -22.498262
vn -95.168396 11.75135 -28.370441
vn -46.948605 33.788723 -81.572983
vn 95.168388 11.751356 -28.370457
vn 46.948605 33.788723 -81.572983
vn 95.627449 29.24704 0.0013152431
vn 48.925301 87.214195 0.00087892805
vn -95.627472 29.247004 0.0013160462
vn -48.925301 87.214195 0.00087892805
vn -49.080475 87.126961 0.008000168
vn -95.661369 29.135933 0.01183086
vn 95.661354 29.135967 0.011829334
vn 49.080475 87.126961 0.0080002472
vn -90.97142 27.581263 31.039906
vn -35.201351 62.204479 69.939034
vn 90.971367 27.581285 31.040014
vn 35.201351 62.204479 69.939034
vn -49.237888 87.038086 -0.0090362905
vn -95.695564 29.023426 -0.013287566
vn 49.237888 87.038086 -0.0090362905
vn 95.695557 29.023462 -0.013287564
vn 49.192539 87.063728 0.0088681513
vn 95.68573 29.055838 0.013075122
vn -95.68573 29.055798 0.01307534
vn -49.192539 87.063728 0.0088669499
vn -49.322624 86.990097 0.022417964
vn -95.713844 28.963062 0.032967102
vn 49.322624 86.990097 0.022417964
vn 95.713829 28.963099 0.03296715
vn 42.357025 74.230507 -51.920265
vn 93.889534 28.230568 -19.692408
vn -93.889542 28.230536 -19.692385
vn -42.357025 74.230507 -51.920265
vn 49.761703 86.739677 0.023123056
vn 95.807159 28.65287 0.033757415
vn -95.807175 28.652832 0.033748709
vn -49.761703 86.739677 0.023119727
vn -29.395679 51.272945 80.66584
vn -87.355499 26.14225 41.056057
vn 29.395687 51.272964 80.66584
vn 87.355461 26.142262 41.056129
vn -46.410187 81.650253 -34.341366
vn -95.024857 28.68363 -12.146075
vn 46.410187 81.650253 -34.341354
vn 95.024834 28.68367 -12.146106
vn 49.026314 87.157455 -0.020050628
vn 95.649513 29.174799 -0.029601377
vn -95.649529 29.174757 -0.029606087
vn -49.026314 87.157455 -0.020051582
vn -44.729919 80.298203 39.38821
vn -94.602028 29.137831 14.193088
vn 44.729919 80.298203 39.38821
vn 94.602005 29.137857 14.193114
vn 45.19783 82.173393 34.708652
vn 94.733833 29.547228 12.347526
vn -94.733849 29.547205 12.347484
vn -45.19783 82.173393 34.708633
vn 48.585861 87.403702 -0.077258177
vn 95.553085 29.488853 -0.11574981
vn -95.553108 29.488829 -0.11576121
vn -48.585831 87.403725 -0.07725618
vn -48.194771 87.619987 -0.024464386
vn -95.463745 29.777035 -0.036806911
vn 48.194946 87.619904 -0.024464577
vn 95.463707 29.777166 -0.036808569
vn 47.901478 87.780678 -0.014557939
vn 95.39592 29.993652 -0.021942319
vn -95.39592 29.993614 -0.021940133
vn -47.901478 87.780678 -0.014559032
vn 47.682468 87.899849 -0.010705498
vn 95.344696 30.156076 -0.016191181
vn -95.344704 30.156044 -0.016190412
vn -47.682468 87.899849 -0.010704761
vn -47.521275 87.987099 -0.017306956
vn -95.306549 30.276424 -0.026281811
vn 47.521275 87.987099 -0.017306956
vn 95.306519 30.276489 -0.026272627
vn 47.404964 88.049812 -0.012664811
vn 95.27887 30.363426 -0.019271288
vn -95.278877 30.36339 -0.019270422
vn -47.404964 88.049812 -0.012666141
vn -95.259727 30.42345 -0.0052053877
vn -47.324844 88.092896 -0.0034270976
vn 95.259705 30.423477 -0.0052053863
vn 47.324844 88.092896 -0.0034270976
vn -47.274803 88.119766 -0.0091864346
vn -95.247681 30.461124 -0.014007615
vn 47.274803 88.119766 -0.0091864346
vn 95.247658 30.461189 -0.014007647
vn 47.250835 88.132614 -0.00040077683
vn 95.241859 30.479332 -0.00059621048
vn -95.241859 30.479305 -0.00059547415
vn -47.250835 88.132614 -0.00040137596
vn -42.293777 0.72697717 -90.612953
vn -95.296677 2.9408877 -30.164459
vn 95.296654 2.940887 -30.164524
vn 42.293823 0.72694719 -90.612938
vn 0 -83.621094 54.840794
vn -99.585709 -0.49531305 9.0797043
vn 0 -70.70929 -70.712059
vn -71.574188 -1.1304277 -69.827347
vn 71.574181 -1.1304277 -69.827347
vn 100 -1.0299471e-05 4.9602193e-05
vn 100 -3.238353e-05 8.7571207e-05
vn 100 -3.9772221e-05 -6.9578832e-06
vn 0 74.279037 66.952408
vn -95.426025 -3.445729 29.698515
vn 100 0.00010893092 -2.6681551e-05
vn 100 -1.4303291e-05 -6.1838546e-06
vn 7.8114826e-06 -99.999992 1.6292066e-05
vn -100 5.7132998e-13 3.5067983e-06
vn 100 -1.1790952e-05 1.4194557e-05
vn 0 21.627651 97.633209
vn 99.999992 -8.3487184e-06 -5.733841e-05
vn -2.8268872e-07 -62.730888 -77.87706
vn 0 67.25296 74.007019
vn -78.032845 15.878821 -60.487499
vn 78.033043 15.878863 -60.487255
vn -70.732811 -46.165474 53.531483
vn -69.952133 -44.956257 -55.548492
vn -74.215767 31.840773 58.976135
vn 74.215637 31.840807 58.976299
vn 82.905785 -55.916286 0.0021569349
vn 100 -2.4249284e-05 3.4632183e-05
vn 69.951752 -44.956081 -55.549095
vn -82.905777 -55.916309 0.0021570742
vn 70.732895 -46.16544 53.531387
vn -7.7558267e-05 3.9514576e-05 -100
vn 100 2.9859102e-05 -2.0112357e-05
vn -100 1.6029409e-12 9.8387809e-06
vn 0 12.416663 99.226143
vn -78.505035 14.725752 -60.167362
vn 78.505043 14.725681 -60.167362
vn -72.013329 69.383575 -0.00028497822
vn 72.013321 69.383583 -0.00028427824
vn 74.525475 46.353771 47.929962
vn -74.499062 46.390488 47.935486
vn -74.9767 32.989922 -57.359909
vn 74.976654 32.990021 -57.359921
vn 78.401512 56.663525 25.34656
vn -78.401527 56.663536 25.346508
vn -79.23703 19.59779 57.770416
vn -72.064339 69.330589 0.0067245713
vn 79.237022 19.59783 57.770416
vn 72.096672 69.296974 0.00011843762
vn 0 34.42614 -93.887375
vn 8.1114624e-05 -38.268436 -92.387909
vn 100 -2.5460972e-12 -1.5627833e-05
vn -99.999992 -1.156e-11 -7.0954775e-05
vn 97.398735 -22.660236 -0.0085260514
vn 1.546551e-05 92.388 38.268238
vn -1.1682873e-05 -92.38797 38.268284
vn -2.0894809e-06 100 -1.6292068e-05
vn 0 38.268337 -92.387955
vn -1.479226e-05 -100 1.629207e-05
vn 99.999992 -1.1179198e-05 -7.496415e-06
vn -100 -3.3276717e-12 -2.0425105e-05
vn 55.650608 1.3536159e-05 83.084351
vn 55.650597 -31.795103 76.759895
vn -55.650646 -31.794975 76.759918
vn -55.650623 1.3536158e-05 83.084343
vn 27.987448 36.894661 88.631172
vn -27.96306 36.897503 88.637695
vn 56.471146 -82.528839 -0.008675267
vn 53.903938 -77.826836 32.207901
vn -53.903919 -77.826889 32.207794
vn 59.29755 80.522041 0.015136804
vn -50.493801 79.760513 -32.994492
vn -56.471218 -82.528786 -0.0086223911
vn 56.411369 -82.56971 -0.0098597035
vn -56.411457 -82.569656 -0.0099959886
vn 55.65073 -76.75988 -31.79492
vn -55.650723 -76.759827 -31.795069
vn -55.650581 31.795111 -76.759926
vn 55.650543 31.795008 -76.759987
vn 55.650581 -31.794825 -76.760025
vn 55.650608 -1.3536158e-05 -83.084343
vn -55.650585 -31.795214 -76.759857
vn -55.650608 -1.3536158e-05 -83.084343
vn -59.323566 80.502884 0.015283573
vn -62.627937 72.050919 29.772593
vn 62.629353 72.04985 29.772186
vn 50.54567 79.73233 -32.983189
vn 0 -50.000397 -86.602318
vn 0 -50.000366 86.602333
vn 0 50.000397 86.602318
vn 0 50.000366 -86.602333
vn 0 -50.000641 86.602173
vn 0 50.000671 86.602158
vn 0 -50.000946 -86.601997
vn 0 50.000916 -86.602013
vn 0 -50.000534 -86.602242
vn 0 -50.000504 86.602257
vn 0 50.000511 86.602249
vn 100 -1.3848267e-12 -8.5000056e-06
vn 0 50.000481 -86.602264
vn -100 -1.3848269e-12 -8.5000074e-06
vn 0 -50.000481 -86.602272
vn 0 -50.00045 86.602287
vn 0 50.000595 86.602203
vn 0 50.000565 -86.602219
vn 0 50.000504 -86.602257
vn 0 -50.000671 -86.602158
vn 0 -50.000092 86.602486
vn 0 50.000122 86.60247
vn 0 50.000641 -86.602173
vn 0 70.710732 -70.710617
vn 0 -70.710625 -70.710739
vn 0 70.710587 70.71077
vn -0.0005210907 100 -1.6292068e-05
vn 0 70.710945 -70.710419
vn 0 -70.71048 70.710876
vn -45.557327 -68.12825 -57.298096
vn 46.517365 -67.748779 -56.975769
vn 0.1244648 -73.404495 -67.909966
vn 96.81366 -3.3713505 24.814276
vn -97.073936 -2.9800606 23.827925
vn -99.196121 1.4316057 12.572929
vn 99.979469 -0.71013027 -1.8979492
vn 96.525467 2.6871417 25.992558
vn 100 -4.6922774e-13 -2.8800994e-06
vn 100 -4.76586e-13 -2.925264e-06
vn 99.934769 -5.8836378e-07 -3.6113513
vn 100 1.2287146e-06 -2.0018301e-13
vn 99.787178 -6.5206661 1.0623513e-06
vn 99.868134 -5.1320443 -0.13600427
vn -100 -3.177242e-13 -1.9501772e-06
vn -100 4.6922817e-13 2.8801021e-06
vn -100 1.0299475e-05 -2.4801098e-05
vn -99.979469 -0.71012181 -1.8980598
vn -100 3.2383559e-05 8.7571192e-05
vn -100 3.9772221e-05 -6.4797174e-12
vn -100 -1.2287109e-06 3.5095868e-06
vn -99.868126 -5.132092 -0.13600153
vn -99.787178 -6.5207081 1.0623581e-06
vn -99.934769 -5.8836002e-07 -3.6113281
vn -100 -1.6560905e-11 -0.00010165012
vn -99.999992 2.4249317e-05 -3.463223e-05
vn 97.509567 -19.911442 -9.7681751
vn 100 -1.1520392e-05 1.8769101e-12
vn 100 -8.9992241e-12 -5.5236844e-05
vn 100 -1.8581895e-05 -0.00035477392
vn 100 1.4761707e-05 -1.208863e-05
vn 100 4.0738472e-05 9.4590316e-05
vn 100 -5.1170126e-05 9.3260838e-05
vn 98.96759 -4.2136641 13.698917
vn 99.999992 1.1541455e-05 7.4184602e-05
vn 97.933212 -1.4517961 -20.173712
vn 98.652473 -4.7083058 -15.669141
vn 100 6.4127084e-06 -1.3371013e-05
vn 100 -2.0034773e-05 9.7361575e-05
vn 99.071991 -5.2374272 -12.542305
vn 100 -2.5382506e-05 -8.1704959e-05
vn -97.379829 -22.741327 -0.0086033111
vn -99.999992 2.7016741e-13 1.6582757e-06
vn -97.481308 -19.905237 -10.058631
vn -100 1.89927e-12 1.1657637e-05
vn -100 -2.6465e-12 -1.6244101e-05
vn -100 -5.0959176e-12 -3.127852e-05
vn -100 -4.4783747e-12 -2.7488068e-05
vn -98.652245 -4.7093978 -15.670242
vn -97.937569 -1.4578873 -20.152077
vn -99.071411 -5.2391276 -12.546279
vn -100 5.0924759e-12 3.1257394e-05
vn -100 5.9363734e-12 3.6437199e-05
vn -99.999992 9.3417045e-12 5.7338973e-05
vn 100 0.00019262799 -0.00022305836
vn 100 -1.5479727e-05 2.5219677e-12
vn 100 -6.0981133e-06 -1.821861e-05
vn 100 2.0890369e-05 -9.0400623e-05
vn 100 6.0842372e-06 5.8653145e-06
vn 100 2.3297633e-12 1.4299985e-05
vn 100 1.5859572e-12 9.7345355e-06
vn 100 -3.7478312e-05 6.105992e-12
vn 100 -1.9854945e-12 -1.2186878e-05
vn 100 2.4144972e-06 -1.4375266e-05
vn 100 -4.6781297e-06 7.6216404e-13
vn -100 9.555811e-13 5.8653154e-06
vn -0.12142693 -77.436836 -63.273376
vn -89.36692 -13.067284 -42.927856
vn 60.270275 -79.796585 0.0058191624
vn 0 -27.913126 96.025299
vn 0 -41.56031 90.954613
vn 0 3.2828519 -99.946106
vn -98.930557 -14.58582 2.3763316e-06
vn 98.930557 -14.585817 2.3763312e-06
vn 0 76.380905 -64.544228
vn 0 42.986576 -90.289276
vn 99.953743 -3.0249276 -0.31635883
vn -99.953743 -3.0249352 -0.31635568
vn 61.316818 -77.187439 -16.803202
vn 97.621742 -21.183235 -4.6114368
vn -97.621742 -21.183237 -4.6114416
vn 0 -84.617432 53.290638
vn -61.316818 -77.187439 -16.803202
vn 0 -99.963089 2.7167487
vn 0 90.595886 -42.336567
vn 0 99.677574 -8.023778
vn 0 99.677582 -8.0237665
vn 90.319481 3.4439633 42.784698
vn 0 8.024066 99.677551
vn 0 -99.677589 8.0236578
vn 0 99.677582 -8.0237226
vn 0 99.578529 -9.171525
vn 0 -99.677567 8.0237684
vn 100 1.035586e-11 6.3563821e-05
vn 0 -99.741486 7.1857772
vn 74.828735 -2.9061732 66.273796
vn 0 -99.99514 -0.9865433
vn 0 99.99514 0.9865433
vn 0 99.903976 4.3811646
vn 0 -63.863338 76.951118
vn 0 56.882599 82.245789
vn -74.828735 -2.9061732 66.273796
vn 61.252438 -3.4631455 78.969261
vn 0 -99.903984 -4.3811455
vn 0 -50.050972 86.573082
vn 0 42.281116 90.62178
vn -61.25211 -3.4631269 78.969521
vn 0 99.887642 4.739275
vn 0 -99.887642 -4.739275
vn 0 4.3811302 -99.903976
vn -94.117226 1.4805 -33.760281
vn 0 -88.303436 -46.930824
vn 0 90.641464 -42.238899
vn 94.117233 1.4805 -33.760227
vn 0 8.0238018 99.677574
vn 0 -99.677582 8.0237007
vn 0 99.677574 -8.0237637
vn 0 99.578529 -9.1715145
vn -100 2.4922398e-05 4.7078352e-06
vn 100 -7.3675079e-07 -9.4156785e-06
vn 0 -99.677582 8.0237808
vn -100 -4.3398634e-07 8.4648273e-06
vn 0 -99.741478 7.1859798
vn 74.828789 -2.9064744 66.273705
vn 100 2.8932402e-07 -6.7718615e-06
vn 0 -99.995132 -0.98653692
vn 0 99.995132 0.98653692
vn 0 99.903976 4.3811626
vn 0 -63.865047 76.949699
vn 0 56.882748 82.245697
vn -74.828575 -2.9061365 66.273964
vn 61.252041 -3.4631231 78.969582
vn -100 1.8424902e-05 1.8722651e-05
vn 0 -99.903984 -4.3811531
vn 100 1.0773131e-06 -3.1742442e-05
vn 0 -50.04731 86.575218
vn 0 42.281128 90.621765
vn -61.252178 -3.4631307 78.969475
vn 0 99.887642 4.7392726
vn 0 -99.887642 -4.7392726
vn 0 4.3807569 -99.903999
vn -94.117195 1.4804996 -33.760372
vn 0 -88.303726 -46.930305
vn 0 90.641464 -42.238873
vn 94.117172 1.4804991 -33.760414
vn -95.766724 2.3098171 28.69492
vn -98.916557 14.680442 -2.3917476e-06
vn 0 -1.4863015e-05 -100
vn 98.916557 14.680442 -2.3917476e-06
vn 0 1.0575855e-05 100
vn -71.131485 70.287338 -4.4667613e-05
vn 0 -5.9586018e-05 100
vn 0 2.6774178e-06 -100
vn 71.131493 70.287338 -4.4667613e-05
vn 89.806671 -43.985939 7.1662189e-06
vn 100 3.8251973e-13 2.3478894e-06
vn 0 -4.0803152e-05 -100
vn 0 0.00011433641 100
vn -89.806671 -43.985939 7.1662189e-06
vn -100 3.8251843e-13 2.3478813e-06
vn 38.268265 -92.387985 2.6555925e-05
vn -37.34444 90.157196 21.841995
vn 38.268276 92.387978 -1.5051912e-05
vn 92.387962 -38.26833 1.0836304e-05
vn -90.157234 -37.344341 21.841991
vn 92.387962 38.268314 -6.2346999e-06
vn -38.268265 -92.387985 2.5405523e-05
vn 90.157227 37.344379 21.842028
vn 92.387947 -38.268368 6.2347085e-06
vn -92.38797 38.26833 -6.2347026e-06
vn 37.34444 90.157188 21.841995
vn 38.268406 -92.387924 9.3516646e-06
vn 92.387947 38.268341 -6.2347044e-06
vn -37.344318 -90.157249 21.84198
vn -38.26841 -92.387924 9.3516646e-06
vn 85.272041 -35.320854 38.485283
vn 37.344318 -90.157249 21.841984
vn -92.387947 -38.26836 6.2347071e-06
vn 38.016239 -91.779358 -11.459246
vn -92.38797 -38.268314 1.0836301e-05
vn -92.387978 38.268307 -6.2346985e-06
vn 38.268391 92.387939 -1.5051905e-05
vn 90.157227 -37.34436 21.841995
vn -38.268288 92.387978 -1.5051912e-05
vn -90.157227 37.34436 21.84202
vn -38.268391 92.387939 -1.5051905e-05
vn 38.268345 92.387947 -1.5051906e-05
vn -35.320961 -85.271957 38.485344
vn -85.272064 35.320415 38.485626
vn 85.272095 35.320431 38.485527
vn 35.320961 -85.271957 38.485344
vn -85.272003 -35.320839 38.485378
vn -35.321014 85.271751 38.485767
vn 35.321014 85.271751 38.485767
vn -92.387947 38.268345 -6.2347049e-06
vn -92.387939 -38.268379 6.2347103e-06
vn 92.387947 38.268345 -6.2347049e-06
vn 38.268276 -92.387978 1.5051912e-05
vn -38.268345 92.387947 -1.5051906e-05
vn 92.387932 38.268387 -6.2347117e-06
vn 92.387939 -38.268379 6.2347103e-06
vn -38.268276 -92.387978 1.5051912e-05
vn 92.387962 38.268318 2.449284e-05
vn -38.016232 91.779358 -11.459321
vn -38.016239 -91.779358 -11.459272
vn 91.779366 38.016224 -11.459263
vn -91.77935 -38.016258 -11.459319
vn 38.016239 91.779358 -11.459291
vn 91.779358 -38.01627 -11.459247
vn -91.779381 38.016178 -11.459324
vn -29.099052 70.250328 -64.947189
vn -92.38797 38.268288 -3.4401601e-05
vn -38.268356 -92.387947 -2.1437079e-05
vn 92.387939 -38.268379 2.92804e-05
vn 38.268345 92.387947 -3.5290732e-06
vn -38.268341 92.387947 -2.657474e-05
vn -92.387947 -38.268364 -2.7053515e-05
vn 38.268337 -92.387947 2.888919e-06
vn 38.268169 -92.388031 9.1419533e-05
vn -70.250587 -29.098457 -64.947151
vn 29.098633 -70.250504 -64.947182
vn 70.250801 29.097992 -64.947151
vn -70.250771 29.098522 -64.946945
vn -29.098642 -70.250526 -64.947151
vn 70.250648 -29.097923 -64.947342
vn 29.098923 70.250847 -64.946686
vn 92.387962 38.268333 -6.2347031e-06
vn 92.388016 38.268192 7.1902585e-05
vn 92.387962 -38.268333 4.6078625e-05
vn -92.38797 38.268311 -4.6078625e-05
vn -38.268192 -92.388023 6.9837413e-05
vn -38.268337 92.387955 -7.1497489e-05
vn -3.2897351e-05 9.7537944e-05 100
vn -92.38797 -38.268311 -4.0595523e-07
vn 0 -3.3440701e-05 -100
vn 0 3.3440701e-05 100
vn -71.131477 70.287369 -4.4667609e-05
vn 0 3.526159e-05 100
vn 0 -5.4231037e-05 -100
vn 71.131477 70.287361 -4.4667613e-05
vn 89.806656 -43.985954 7.1662216e-06
vn 99.999992 3.8251921e-13 2.347886e-06
vn 0 -8.2190163e-06 100
vn -89.806656 -43.985954 7.1662216e-06
vn -99.999992 3.8251791e-13 2.3478781e-06
vn -19.477648 47.023438 -86.077972
vn -50.233841 20.807438 -83.926216
vn -50.233852 -20.807486 -83.926216
vn -19.47777 -47.023342 -86.077995
vn 19.477734 -47.023582 -86.077873
vn 50.233852 -20.807486 -83.926216
vn 50.233829 20.807608 -83.926186
vn 19.477678 47.02319 -86.078094
vn 0 -4.1921081e-05 -99.999992
vn -92.387924 -38.26841 6.2347153e-06
vn -38.268333 -92.387955 1.5051908e-05
vn 38.268276 92.387978 -1.5051913e-05
vn -38.268276 92.387978 -1.5051913e-05
vn -92.387932 38.268387 -6.2347117e-06
vn 92.387924 -38.26841 6.2347153e-06
vn 38.268333 -92.387955 1.5051908e-05
vn 19.096527 46.103149 86.659241
vn 49.17429 20.36867 84.65818
vn 49.174267 -20.368633 84.658188
vn 19.096437 -46.103012 86.659317
vn -19.096441 -46.10302 86.659317
vn -49.174309 -20.36865 84.658165
vn -49.174274 20.368513 84.658226
vn -19.096693 46.103138 86.659195
vn 38.268349 92.387947 -4.8255184e-05
vn -38.268745 -92.387787 5.574484e-06
vn 38.268108 -92.388054 3.40064e-05
vn -38.268246 92.387985 -3.4006502e-05
vn 92.387947 -38.268375 8.4371706e-05
vn -92.387947 -38.268379 6.2347103e-06
vn 38.268246 92.387985 2.2857259e-05
vn -92.387901 38.268459 -6.2347231e-06
vn 47.063515 -33.765266 -81.516457
vn 17.367773 93.773354 -30.081844
vn 17.367779 -93.773392 -30.081772
vn 47.06353 33.76527 -81.516449
vn 94.127083 -33.765255 5.5010587e-06
vn 34.735577 93.773346 -1.5277617e-05
vn 34.735462 -93.773392 1.5277625e-05
vn 94.127068 33.765282 -5.5010623e-06
vn 47.063492 -33.765148 81.516518
vn 17.367804 93.773354 30.081873
vn 17.367805 -93.773338 30.081856
vn 47.063465 33.765202 81.516502
vn -47.06348 -33.765152 81.516533
vn -17.367804 93.773354 30.081873
vn -17.367804 -93.773346 30.08185
vn -47.063484 33.765202 81.516495
vn -94.127113 -33.765167 -5.3476153e-05
vn -34.735577 93.773346 -1.5277617e-05
vn -34.735451 -93.773392 1.5277625e-05
vn -94.127106 33.765209 -7.0376052e-05
vn -47.063522 33.765255 -81.516457
vn -47.063541 -33.765244 -81.516449
vn -17.367769 93.773354 -30.081848
vn -17.367773 -93.773392 -30.081772
vn 0 -50.000744 -86.602112
vn 0 -50.000652 86.602165
vn 0 50.000546 86.602226
vn 0 50.00058 -86.602203
vn -100 -1.8565223e-12 -1.1395253e-05
vn 0 -50.0005 -86.602249
vn 0 -50.000957 86.60199
vn 0 50.000854 86.602051
vn 0 50.000336 -86.602341
vn 0 0.00011791155 100
vn 99.208794 12.554491 -2.0453861e-06
vn -99.208794 12.554514 -2.0453899e-06
vn 0 -2.0073348e-05 -100
vn 0 82.287987 56.821545
vn 87.270668 11.043657 47.559105
vn 87.270699 11.043697 47.559052
vn -87.270668 11.043792 47.559059
vn -87.270691 11.043741 47.559044
vn 99.208801 12.554453 -2.0453801e-06
vn -99.208801 12.554453 -2.0453801e-06
vn -99.208801 12.554457 -2.0453806e-06
vn 0 -2.3775729e-05 100
vn 99.208801 12.554457 -2.0453806e-06
vn 14.966388 98.873695 -1.610857e-05
vn -68.434814 62.668854 37.273178
vn 68.434715 62.66901 37.273121
vn -73.749146 67.535652 -1.1002954e-05
vn 73.749146 67.535652 -1.1002954e-05
vn 2.8231776 -0.4273133 -99.959229
vn -69.64151 -71.763924 1.1691827e-05
vn 2.8231778 -0.42735285 99.959229
vn -12.137146 -99.260719 1.6171623e-05
vn 17.783489 98.406029 -1.6032376e-05
vn -45.282894 89.159737 -1.4525966e-05
vn -57.462143 8.6980829 -81.378403
vn -57.462143 8.6981096 81.378403
vn 64.687347 -9.7915316 75.62851
vn 0 8.1438229e-05 100
vn -14.966388 -98.873695 1.610857e-05
vn 98.873695 -14.966376 2.4383321e-06
vn 53.367443 -84.569 1.3778039e-05
vn 76.005516 64.985855 -1.058754e-05
vn 64.686485 -9.7914944 -75.629257

# Mesh 'Cylinder' with 17 faces
g Cylinder
usemtl M_AWP
f  1//1 2//1 3//1 4//1
f  5//2 6//2 7//2 8//2
f  9//3 10//3 2//3 1//3
f  11//4 12//4 13//4 14//4
f  3//5 8//5 15//5
f  10//6 11//6 5//6 2//6
f  14//7 13//7 16//7 9//7
f  12//8 17//8 16//8 13//8
f  2//9 5//9 8//9 3//9
f  9//10 16//10 17//10 10//10
f  6//11 1//11 4//11 7//11
f  11//12 14//12 6//12 5//12
f  10//13 17//13 12//13 11//13
f  14//14 9//14 1//14 6//14
f  8//15 7//15 15//15
f  4//16 3//16 15//16
f  7//17 4//17 15//17

# Mesh 'Cube.001' with 978 faces
g Cube.001
usemtl M_AWP
f  18//18 19//18 20//18 21//18
f  22//19 23//19 24//19 25//19
f  20//20 19//20 24//20 23//20
f  21//21 22//21 26//21 27//21
f  25//21 18//21 28//21 29//21
f  29//22 28//22 30//22 31//22
f  27//23 26//23 32//23 33//23
f  26//19 29//19 31//19 32//19
f  28//18 27//18 33//18 30//18
f  22//20 25//20 29//20 26//20
f  30//24 33//24 32//24 31//24
f  18//25 21//25 27//25 28//25
f  34//26 35//26 36//26 37//26
f  38//27 39//27 40//27 41//27
f  39//28 38//28 18//28 25//28
f  40//29 39//29 25//29 24//29
f  41//30 40//30 24//30 19//30
f  38//31 41//31 19//31 18//31
f  35//32 34//32 21//32 20//32
f  34//33 37//33 22//33 21//33
f  36//34 35//34 20//34 23//34
f  37//35 36//35 23//35 22//35
f  42//36 43//36 44//36 45//36 46//36 47//36
f  48//37 49//37 50//37 51//37 52//37
f  44//18 53//18 54//18 45//18
f  46//38 45//38 48//38 55//38 56//38
f  55//37 48//37 52//37 57//37
f  58//18 59//18 60//18 61//18
f  45//39 62//39 58//39 61//39 49//39 48//39
f  42//40 47//40 63//40 64//40
f  49//41 61//41 60//41 50//41
f  58//42 62//42 65//42 59//42
f  66//43 67//43 68//43 69//43 70//43
f  67//19 71//19 72//19 68//19
f  73//19 74//19 71//19 67//19
f  75//44 76//44 77//44 78//44
f  66//45 79//45 80//45 81//45 82//45
f  69//46 68//46 72//46 83//46
f  76//47 84//47 85//47 77//47
f  76//23 75//23 73//23 67//23 66//23 84//23
f  70//23 86//23 87//23 88//23 79//23 66//23
f  89//23 90//23 91//23
f  92//48 93//48 94//48 95//48
f  96//49 74//49 78//49
f  97//50 98//50 99//50 100//50
f  101//23 91//23 102//23 103//23
f  93//25 92//25 104//25 105//25
f  95//51 94//51 106//51 107//51
f  108//52 107//52 106//52 109//52
f  110//53 64//53 63//53
f  108//54 109//54 98//54 97//54
f  60//36 59//36 111//36
f  100//55 99//55 112//55 113//55
f  114//36 115//36 116//36 117//36
f  111//36 118//36 115//36 114//36
f  119//20 120//20 121//20 122//20
f  113//56 112//56 123//56 124//56
f  125//57 126//57 127//57 128//57
f  122//20 121//20 129//20 130//20
f  124//58 123//58 126//58 125//58
f  103//23 102//23 131//23 132//23
f  133//36 134//36 135//36 136//36
f  132//23 131//23 137//23 138//23
f  117//59 116//59 134//59 133//59
f  130//20 129//20 139//20 140//20
f  141//20 142//20 143//20 144//20
f  140//60 139//60 142//60 141//60
f  128//61 127//61 145//61 146//61
f  138//23 137//23 147//23 148//23
f  149//62 150//62 151//62 152//62
f  146//63 145//63 150//63 149//63
f  148//23 147//23 153//23 154//23
f  136//36 135//36 155//36 156//36
f  157//36 158//36 159//36 160//36
f  154//23 153//23 161//23 162//23
f  156//36 155//36 158//36 157//36
f  144//64 143//64 163//64 164//64
f  165//65 166//65 167//65 168//65
f  164//66 163//66 169//66 170//66
f  152//67 151//67 171//67 172//67
f  162//23 161//23 173//23 174//23
f  175//68 176//68 177//68 178//68
f  170//20 169//20 179//20 180//20
f  172//69 171//69 176//69 175//69
f  181//36 182//36 183//36
f  184//70 185//70 186//70
f  187//71 188//71 189//71 190//71
f  191//72 192//72 193//72 174//72 173//72
f  180//73 179//73 194//73 195//73
f  196//20 197//20 198//20 199//20
f  195//74 194//74 197//74 196//74
f  178//75 177//75 200//75 201//75
f  202//36 203//36 204//36
f  201//76 200//76 205//76 206//76
f  207//77 208//77 209//77
f  203//78 210//78 189//78 211//78
f  203//36 211//36 212//36 213//36
f  214//79 215//79 216//79 217//79
f  218//80 219//80 220//80 221//80
f  222//81 204//81 207//81 223//81
f  199//20 198//20 224//20 225//20
f  226//82 227//82 228//82 229//82
f  225//20 224//20 230//20 231//20
f  208//83 232//83 227//83 226//83
f  233//84 234//84 235//84 236//84
f  229//85 228//85 237//85 238//85
f  239//86 209//86 226//86
f  240//87 241//87 242//87
f  231//20 230//20 243//20 244//20
f  245//88 229//88 246//88 247//88
f  248//89 249//89 250//89 251//89
f  252//90 253//90 254//90 255//90
f  244//20 243//20 256//20 257//20
f  258//91 259//91 260//91 261//91
f  257//20 256//20 262//20 263//20
f  238//92 237//92 259//92 258//92
f  228//93 242//93 264//93 265//93
f  266//23 267//23 268//23 269//23
f  265//94 264//94 267//94 266//94
f  247//36 246//36 270//36 271//36
f  263//20 262//20 272//20 273//20
f  269//95 274//95 275//95 260//95
f  271//36 270//36 276//36 277//36
f  273//20 272//20 278//20 279//20
f  280//96 281//96 282//96 283//96
f  108//97 97//97 284//97 110//97
f  279//20 278//20 285//20 286//20
f  261//98 260//98 275//98 287//98
f  269//99 268//99 288//99 274//99
f  277//100 276//100 289//100 290//100
f  291//101 292//101 293//101 294//101
f  295//102 296//102 297//102 298//102
f  299//103 292//103 300//103 301//103 296//103
f  292//104 291//104 302//104 300//104
f  303//105 294//105 293//105 304//105
f  301//106 305//106 306//106 307//106
f  308//107 307//107 306//107 309//107
f  310//20 311//20 312//20 313//20
f  314//108 315//108 316//108 317//108
f  318//109 319//109 320//109 321//109
f  321//110 320//110 315//110 314//110
f  312//111 311//111 320//111 319//111
f  311//112 310//112 315//112 320//112
f  310//113 313//113 316//113 315//113
f  301//114 307//114 296//114
f  322//115 323//115 324//115 325//115
f  326//116 323//116 322//116 327//116
f  328//20 329//20 330//20 331//20
f  332//20 333//20 334//20 335//20
f  336//117 337//117 338//117 339//117
f  338//118 337//118 340//118 341//118
f  339//119 338//119 342//119 343//119 344//119
f  335//120 334//120 345//120 346//120
f  347//121 348//121 349//121 323//121 326//121
f  350//122 351//122 352//122 353//122
f  333//123 332//123 331//123 330//123
f  354//124 355//124 356//124 357//124
f  358//125 359//125 360//125 361//125
f  361//126 360//126 362//126 363//126
f  364//127 358//127 361//127 363//127
f  365//128 366//128 367//128 359//128 358//128
f  364//129 368//129 369//129 370//129 371//129
f  363//130 362//130 368//130 364//130
f  371//131 365//131 358//131 364//131
f  357//132 356//132 367//132 366//132 372//132
f  373//133 370//133 369//133 355//133 354//133
f  365//134 372//134 366//134
f  373//135 371//135 370//135
f  365//136 371//136 373//136 372//136
f  354//137 357//137 372//137 373//137
f  374//138 375//138 376//138 377//138
f  376//139 375//139 378//139 379//139
f  377//140 376//140 380//140 381//140
f  381//141 380//141 382//141 383//141
f  384//142 385//142 386//142 387//142
f  380//143 376//143 379//143 388//143
f  383//144 382//144 389//144 390//144
f  388//145 379//145 391//145 392//145
f  390//146 389//146 393//146 394//146
f  395//147 396//147 397//147 398//147
f  375//148 399//148 384//148 378//148
f  394//149 393//149 400//149 401//149
f  401//150 400//150 399//150 402//150
f  379//151 378//151 403//151 391//151
f  399//152 400//152 385//152 384//152
f  402//153 399//153 375//153 374//153
f  383//154 390//154 404//154 405//154
f  378//155 384//155 387//155 403//155
f  390//156 394//156 406//156 404//156
f  374//157 377//157 395//157 407//157
f  377//158 381//158 396//158 395//158
f  394//159 401//159 408//159 406//159
f  402//160 374//160 407//160 409//160
f  381//161 383//161 405//161 396//161
f  401//162 402//162 409//162 408//162
f  409//163 407//163 410//163 411//163
f  408//164 409//164 411//164 412//164
f  404//165 406//165 413//165 414//165
f  396//166 405//166 415//166 397//166
f  406//167 408//167 412//167 413//167
f  405//168 404//168 414//168 415//168
f  416//169 417//169 418//169 419//169
f  410//170 398//170 420//170 421//170
f  398//171 397//171 422//171 420//171
f  397//172 415//172 423//172 422//172
f  415//173 414//173 424//173 423//173
f  414//174 413//174 425//174 424//174
f  413//175 412//175 416//175 425//175
f  412//176 411//176 417//176 416//176
f  411//177 410//177 421//177 417//177
f  407//178 395//178 398//178 410//178
f  420//179 422//179 426//179 427//179
f  424//180 425//180 428//180 429//180
f  422//181 423//181 430//181 426//181
f  425//182 416//182 419//182 428//182
f  421//183 420//183 427//183 431//183
f  417//184 421//184 431//184 418//184
f  423//185 424//185 429//185 430//185
f  432//37 433//37 434//37 435//37
f  436//186 437//186 438//186 439//186
f  440//18 441//18 442//18 443//18 444//18 445//18 446//18 447//18
f  448//19 449//19 450//19 451//19 452//19 453//19 454//19 455//19
f  434//187 433//187 456//187 457//187
f  458//36 459//36 460//36 461//36
f  436//20 462//20 463//20 437//20
f  456//23 439//23 438//23 457//23
f  463//188 462//188 460//188 459//188
f  441//189 440//189 432//189 461//189
f  455//190 454//190 458//190 435//190
f  453//191 452//191 463//191 459//191
f  443//192 442//192 460//192 462//192
f  449//193 448//193 434//193 457//193
f  447//194 446//194 456//194 433//194
f  445//195 444//195 436//195 439//195
f  451//196 450//196 438//196 437//196
f  440//197 447//197 433//197 432//197
f  448//198 455//198 435//198 434//198
f  454//199 453//199 459//199 458//199
f  442//200 441//200 461//200 460//200
f  457//201 438//201 450//201 449//201
f  437//202 463//202 452//202 451//202
f  444//203 443//203 462//203 436//203
f  439//204 456//204 446//204 445//204
f  432//205 435//205 458//205 461//205
f  98//206 109//206 96//206 464//206
f  97//207 100//207 118//207 284//207
f  464//208 101//208 99//208 98//208
f  101//209 103//209 112//209 99//209
f  115//210 118//210 100//210 113//210
f  113//211 124//211 116//211 115//211
f  103//212 132//212 123//212 112//212
f  126//213 123//213 132//213 138//213
f  124//214 125//214 134//214 116//214
f  125//215 128//215 135//215 134//215
f  138//216 148//216 127//216 126//216
f  148//217 154//217 145//217 127//217
f  155//218 135//218 128//218 146//218
f  150//219 145//219 154//219 162//219
f  146//220 149//220 158//220 155//220
f  149//221 152//221 159//221 158//221
f  162//222 174//222 151//222 150//222
f  152//223 172//223 465//223 159//223
f  174//224 187//224 171//224 151//224
f  176//225 171//225 187//225 190//225
f  172//226 175//226 212//226 465//226
f  175//227 178//227 213//227 212//227
f  190//228 466//228 177//228 176//228
f  466//229 218//229 200//229 177//229
f  204//230 213//230 178//230 201//230
f  207//231 221//231 232//231 208//231
f  221//232 205//232 200//232 218//232
f  227//233 232//233 467//233
f  208//234 226//234 209//234
f  229//235 238//235 246//235
f  228//236 265//236 237//236
f  259//237 237//237 265//237 266//237
f  238//238 258//238 270//238 246//238
f  258//239 261//239 276//239 270//239
f  266//240 269//240 260//240 259//240
f  290//241 289//241 283//241 282//241 468//241
f  469//242 470//242 471//242 472//242
f  471//243 274//243 288//243 473//243 472//243
f  280//244 470//244 469//244 281//244
f  261//245 287//245 289//245 276//245
f  474//246 475//246 120//246 119//246
f  476//247 477//247 478//247 479//247
f  479//248 478//248 92//248 95//248
f  480//249 481//249 482//249 483//249
f  483//250 482//250 94//250 93//250
f  484//251 476//251 479//251 485//251
f  485//252 479//252 95//252 107//252
f  481//253 486//253 487//253 482//253
f  482//254 487//254 106//254 94//254
f  488//255 480//255 483//255 489//255
f  489//256 483//256 93//256 105//256
f  477//257 490//257 491//257 478//257
f  478//258 491//258 104//258 92//258
f  475//259 104//259 491//259 492//259
f  492//260 491//260 490//260 111//260
f  91//261 488//261 489//261 493//261
f  493//262 489//262 105//262 474//262
f  111//263 114//263 494//263 492//263
f  492//264 494//264 120//264 475//264
f  102//265 91//265 493//265 495//265
f  495//266 493//266 474//266 119//266
f  121//267 120//267 494//267 496//267
f  496//268 494//268 114//268 117//268
f  119//269 122//269 497//269 495//269
f  495//270 497//270 131//270 102//270
f  122//271 130//271 498//271 497//271
f  497//272 498//272 137//272 131//272
f  117//273 133//273 499//273 496//273
f  496//274 499//274 129//274 121//274
f  139//275 129//275 499//275 500//275
f  500//276 499//276 133//276 136//276
f  130//277 140//277 501//277 498//277
f  498//278 501//278 147//278 137//278
f  140//279 141//279 502//279 501//279
f  501//280 502//280 153//280 147//280
f  136//281 156//281 503//281 500//281
f  500//282 503//282 142//282 139//282
f  141//283 144//283 504//283 502//283
f  502//284 504//284 161//284 153//284
f  156//285 157//285 505//285 503//285
f  503//286 505//286 143//286 142//286
f  163//287 143//287 505//287 506//287
f  506//288 505//288 157//288 160//288
f  144//289 164//289 507//289 504//289
f  504//290 507//290 173//290 161//290
f  169//291 163//291 506//291 508//291
f  508//292 506//292 160//292 509//292
f  164//293 170//293 510//293 507//293
f  507//294 510//294 191//294 173//294
f  170//295 180//295 511//295 510//295
f  510//296 511//296 185//296 191//296
f  509//297 181//297 512//297 508//297
f  508//298 512//298 179//298 169//298
f  194//299 179//299 512//299 513//299
f  513//300 512//300 181//300 183//300
f  180//301 195//301 514//301 511//301
f  511//302 514//302 186//302 185//302
f  195//303 196//303 515//303 514//303
f  514//304 515//304 219//304 186//304
f  183//305 222//305 516//305 513//305
f  513//306 516//306 197//306 194//306
f  196//307 199//307 517//307 515//307
f  515//308 517//308 220//308 219//308
f  222//309 223//309 518//309 516//309
f  516//310 518//310 198//310 197//310
f  224//311 198//311 518//311 519//311
f  519//312 518//312 223//312 520//312
f  199//313 225//313 521//313 517//313
f  517//314 521//314 522//314 220//314
f  225//315 231//315 523//315 521//315
f  521//316 523//316 524//316 522//316
f  520//317 525//317 526//317 519//317
f  519//318 526//318 230//318 224//318
f  231//319 244//319 527//319 523//319
f  523//320 527//320 242//320 524//320
f  525//321 245//321 528//321 526//321
f  526//322 528//322 243//322 230//322
f  256//323 243//323 528//323 529//323
f  529//324 528//324 245//324 247//324
f  244//325 257//325 530//325 527//325
f  527//326 530//326 264//326 242//326
f  257//327 263//327 531//327 530//327
f  530//328 531//328 267//328 264//328
f  247//329 271//329 532//329 529//329
f  529//330 532//330 262//330 256//330
f  271//331 277//331 533//331 532//331
f  532//332 533//332 272//332 262//332
f  268//333 267//333 531//333 534//333
f  534//334 531//334 263//334 273//334
f  278//335 272//335 533//335 535//335
f  535//336 533//336 277//336 290//336
f  273//337 279//337 536//337 534//337
f  534//338 536//338 288//338 268//338
f  279//339 286//339 537//339 536//339
f  536//340 537//340 473//340 288//340
f  290//341 468//341 538//341 535//341
f  535//342 538//342 285//342 278//342
f  107//343 108//343 110//343 485//343
f  485//344 110//344 484//344
f  486//345 96//345 487//345
f  487//346 96//346 109//346 106//346
f  105//20 104//20 475//20 474//20
f  298//347 297//347 308//347 309//347
f  295//348 305//348 302//348 291//348 539//348
f  299//349 539//349 303//349 304//349
f  294//350 303//350 539//350 291//350
f  292//351 299//351 304//351 293//351
f  539//37 299//37 296//37 295//37
f  488//23 540//23 541//23
f  486//352 481//352 83//352
f  481//353 480//353 83//353
f  541//354 83//354 480//354
f  480//23 488//23 541//23
f  305//355 301//355 300//355 302//355
f  298//356 309//356 306//356
f  190//357 189//357 210//357 466//357
f  184//358 192//358 191//358 185//358
f  542//359 543//359 168//359 167//359
f  211//360 544//360 465//360 212//360
f  174//361 193//361 545//361 187//361
f  509//36 546//36 182//36 181//36
f  547//362 545//362 166//362 165//362
f  219//363 218//363 548//363
f  549//364 550//364 543//364 542//364
f  211//20 189//20 188//20 544//20
f  545//365 547//365 544//365 188//365
f  550//366 203//366 202//366
f  548//367 210//367 549//367
f  165//368 168//368 546//368 551//368
f  202//369 182//369 543//369 550//369
f  551//370 547//370 165//370
f  166//371 545//371 193//371
f  542//372 167//372 192//372 184//372
f  72//373 486//373 83//373
f  549//374 542//374 184//374 548//374
f  168//375 543//375 182//375 546//375
f  193//376 192//376 167//376 166//376
f  210//377 203//377 550//377 549//377
f  545//378 188//378 187//378
f  160//379 159//379 551//379 546//379 509//379
f  544//36 547//36 465//36
f  465//36 547//36 551//36 159//36
f  552//380 346//380 345//380 553//380
f  351//381 350//381 327//381 322//381
f  337//382 336//382 353//382 352//382
f  330//383 329//383 325//383 324//383
f  328//384 331//384 341//384 340//384
f  338//385 341//385 331//385 332//385
f  324//386 323//386 333//386 330//386
f  329//387 351//387 322//387 325//387
f  340//388 337//388 352//388 328//388
f  343//389 342//389 335//389 346//389
f  349//390 348//390 345//390 334//390
f  553//391 345//391 348//391 347//391
f  334//392 333//392 323//392 349//392
f  344//393 343//393 346//393 552//393
f  342//394 338//394 332//394 335//394
f  352//395 351//395 329//395 328//395
f  554//396 555//396 253//396 252//396
f  220//397 556//397 557//397
f  558//398 559//398 229//398
f  560//399 561//399 227//399
f  236//400 235//400 562//400 563//400
f  217//401 216//401 564//401 565//401
f  251//402 250//402 563//402 562//402
f  520//36 566//36 567//36 525//36
f  568//403 569//403 249//403 248//403
f  255//404 254//404 570//404 565//404 564//404 571//404
f  569//18 568//18 555//18 554//18
f  572//405 573//405 522//405 524//405
f  223//406 574//406 575//406
f  215//407 233//407 557//407 556//407
f  556//408 576//408 216//408 215//408
f  575//409 574//409 214//409 217//409
f  574//410 577//410 234//410 214//410
f  233//411 236//411 578//411 557//411
f  577//412 579//412 235//412 234//412
f  571//413 564//413 573//413 572//413
f  576//414 573//414 564//414 216//414
f  217//415 565//415 566//415 575//415
f  561//416 560//416 563//416 250//416
f  580//417 581//417 248//417 251//417
f  565//418 570//418 567//418 566//418
f  255//419 571//419 572//419 582//419
f  583//420 567//420 570//420 254//420
f  582//421 241//421 252//421 255//421
f  584//422 583//422 254//422 253//422
f  581//423 559//423 568//423 248//423
f  585//424 586//424 249//424 569//424
f  241//425 240//425 554//425 252//425
f  240//426 585//426 569//426 554//426
f  558//427 584//427 253//427 555//427
f  555//428 568//428 559//428 558//428
f  239//429 580//429 251//429 562//429
f  562//430 235//430 579//430 239//430
f  560//431 578//431 236//431 563//431
f  586//432 561//432 250//432 249//432
f  234//19 233//19 215//19 214//19
f  587//433 588//433 589//433 590//433
f  590//37 589//37 591//37 592//37
f  592//434 591//434 593//434 594//434
f  594//435 593//435 595//435 596//435
f  589//23 588//23 597//23 595//23 593//23 591//23
f  596//20 595//20 597//20 598//20
f  598//436 597//436 588//436 587//436
f  587//36 590//36 592//36 594//36 596//36 598//36
f  599//433 600//433 601//433 602//433
f  602//37 601//37 603//37 604//37
f  604//437 603//437 605//437 606//437
f  606//438 605//438 607//438 608//438
f  601//23 600//23 609//23 607//23 605//23 603//23
f  608//20 607//20 609//20 610//20
f  610//436 609//436 600//436 599//436
f  599//36 602//36 604//36 606//36 608//36 610//36
f  611//439 612//439 613//439 614//439
f  614//37 613//37 615//37 616//37
f  616//434 615//434 617//434 618//434
f  618//435 617//435 619//435 620//435
f  613//134 612//134 621//134 619//134 617//134 615//134
f  620//20 619//20 621//20 622//20
f  622//440 621//440 612//440 611//440
f  611//130 614//130 616//130 618//130 620//130 622//130
f  623//441 624//441 625//441 626//441
f  626//37 625//37 627//37 628//37
f  628//442 627//442 629//442 630//442
f  630//443 629//443 631//443 632//443
f  625//444 624//444 633//444 631//444 629//444 627//444
f  632//20 631//20 633//20 634//20
f  634//445 633//445 624//445 623//445
f  623//446 626//446 628//446 630//446 632//446 634//446
f  635//447 636//447 637//447 638//447
f  638//37 637//37 639//37 640//37
f  640//448 639//448 641//448 642//448
f  642//449 641//449 643//449 644//449
f  637//23 636//23 645//23 643//23 641//23 639//23
f  644//20 643//20 645//20 646//20
f  646//450 645//450 636//450 635//450
f  635//130 638//130 640//130 642//130 644//130 646//130
f  647//441 648//441 649//441 650//441
f  650//37 649//37 651//37 652//37
f  652//434 651//434 653//434 654//434
f  654//435 653//435 655//435 656//435
f  649//23 648//23 657//23 655//23 653//23 651//23
f  656//20 655//20 657//20 658//20
f  658//451 657//451 648//451 647//451
f  647//130 650//130 652//130 654//130 656//130 658//130
f  659//452 660//452 661//452 662//452
f  662//37 661//37 663//37 664//37
f  664//453 663//453 665//453 666//453
f  666//454 665//454 667//454 668//454
f  661//23 660//23 669//23 667//23 665//23 663//23
f  668//20 667//20 669//20 670//20
f  670//455 669//455 660//455 659//455
f  659//36 662//36 664//36 666//36 668//36 670//36
f  671//37 86//37 70//37 541//37 540//37
f  541//37 70//37 69//37 83//37
f  85//18 84//18 66//18 82//18
f  89//18 88//18 87//18 90//18
f  80//456 79//456 88//456 89//456
f  90//457 87//457 86//457 671//457
f  74//458 73//458 75//458 78//458
f  63//19 47//19 46//19 672//19
f  673//20 43//20 42//20 64//20
f  65//459 62//459 45//459 54//459 674//459
f  53//460 44//460 43//460 673//460
f  675//461 56//461 55//461 57//461
f  672//19 46//19 56//19 675//19
f  280//462 283//462 289//462 287//462
f  471//463 470//463 275//463 274//463
f  470//464 280//464 287//464 275//464
f  307//465 308//465 296//465
f  295//466 298//466 306//466
f  295//467 306//467 305//467
f  96//468 486//468 71//468
f  297//469 296//469 308//469
f  82//470 81//470 85//470
f  81//471 464//471 85//471
f  72//23 71//23 486//23
f  71//472 74//472 96//472
f  77//473 85//473 464//473
f  78//474 77//474 96//474
f  77//475 464//475 96//475
f  284//476 674//476 53//476
f  674//477 54//477 53//477
f  476//478 484//478 57//478
f  484//479 110//479 672//479
f  490//130 477//130 52//130
f  477//480 476//480 57//480
f  52//481 477//481 57//481
f  52//36 51//36 490//36
f  284//482 53//482 673//482
f  284//483 673//483 110//483
f  673//484 64//484 110//484
f  63//485 672//485 110//485
f  672//486 675//486 484//486
f  484//487 675//487 57//487
f  228//488 227//488 561//488
f  561//489 586//489 228//489
f  242//490 228//490 240//490
f  240//491 228//491 585//491
f  572//23 524//23 582//23
f  524//492 242//492 582//492
f  586//493 585//493 228//493
f  241//494 582//494 242//494
f  227//495 467//495 560//495
f  467//496 578//496 560//496
f  467//497 221//497 578//497
f  221//498 220//498 557//498
f  220//499 522//499 576//499
f  522//500 573//500 576//500
f  557//501 578//501 221//501
f  220//502 576//502 556//502
f  226//503 580//503 239//503
f  239//130 579//130 209//130
f  245//36 525//36 583//36
f  525//504 567//504 583//504
f  580//505 226//505 229//505
f  581//36 580//36 229//36
f  245//506 583//506 584//506
f  245//507 584//507 558//507
f  559//508 581//508 229//508
f  245//509 558//509 229//509
f  223//510 207//510 577//510
f  207//511 209//511 579//511
f  577//512 207//512 579//512
f  566//36 520//36 575//36
f  520//36 223//36 575//36
f  223//513 577//513 574//513
f  222//514 183//514 182//514
f  222//36 182//36 202//36
f  203//36 213//36 204//36
f  204//515 222//515 202//515
f  218//516 466//516 210//516
f  548//517 184//517 219//517
f  184//518 186//518 219//518
f  218//519 210//519 548//519
f  101//520 464//520 80//520
f  464//521 81//521 80//521
f  540//522 488//522 671//522
f  488//523 91//523 671//523
f  91//524 101//524 89//524
f  101//525 80//525 89//525
f  90//526 671//526 91//526
f  111//36 490//36 50//36
f  490//36 51//36 50//36
f  284//527 118//527 65//527
f  118//36 111//36 59//36
f  65//36 118//36 59//36
f  65//36 674//36 284//36
f  111//130 50//130 60//130
f  221//528 207//528 206//528 205//528
f  201//529 206//529 207//529 204//529
f  221//530 467//530 232//530
f  676//130 677//130 678//130 679//130
f  679//18 678//18 680//18 681//18
f  681//134 680//134 682//134 683//134
f  683//19 682//19 677//19 676//19
f  683//531 676//531 684//531 685//531
f  685//532 684//532 686//532 687//532
f  679//533 681//533 688//533 689//533
f  676//534 679//534 689//534 684//534
f  681//535 683//535 685//535 688//535
f  690//536 691//536 692//536 693//536
f  689//537 688//537 691//537 690//537
f  688//538 685//538 687//538 691//538
f  684//539 689//539 690//539 686//539
f  692//540 694//540 695//540
f  691//541 687//541 694//541 692//541
f  686//542 690//542 693//542 696//542
f  687//543 686//543 696//543 694//543
f  696//544 693//544 695//544
f  694//545 696//545 695//545
f  693//546 692//546 695//546
f  697//547 698//547 699//547 700//547
f  701//548 702//548 703//548 704//548
f  705//549 702//549 706//549 707//549
f  707//550 706//550 708//550 709//550
f  710//551 705//551 707//551 709//551
f  702//552 701//552 708//552 706//552
f  704//553 703//553 711//553 712//553
f  710//36 701//36 704//36 713//36
f  702//23 705//23 714//23 703//23
f  705//554 710//554 713//554 714//554
f  715//36 712//36 716//36 717//36
f  713//36 704//36 712//36 715//36
f  703//555 714//555 718//555 711//555
f  714//556 713//556 715//556 718//556
f  719//557 720//557 721//557 722//557
f  711//23 718//23 720//23 719//23
f  718//558 715//558 717//558 720//558
f  712//559 711//559 719//559 716//559
f  723//560 722//560 724//560 725//560
f  720//561 717//561 726//561 721//561
f  716//562 719//562 722//562 723//562
f  717//563 716//563 723//563 726//563
f  724//564 727//564 728//564 729//564
f  726//36 723//36 725//36 730//36
f  722//23 721//23 727//23 724//23
f  721//565 726//565 730//565 727//565
f  729//23 728//23 731//23 732//23
f  727//566 730//566 733//566 728//566
f  725//567 724//567 729//567 734//567
f  730//568 725//568 734//568 733//568
f  734//569 729//569 732//569 735//569
f  728//570 733//570 736//570 731//570
f  737//571 738//571 739//571 740//571
f  738//572 737//572 736//572 735//572
f  731//573 736//573 737//573 740//573
f  735//574 732//574 739//574 738//574
f  732//575 731//575 740//575 739//575
f  733//36 734//36 735//36 736//36
f  741//576 742//576 743//576 744//576
f  745//577 746//577 741//577 744//577
f  698//578 697//578 743//578 742//578
f  700//579 699//579 747//579 748//579
f  745//580 697//580 700//580 749//580
f  698//581 746//581 750//581 699//581
f  746//582 745//582 749//582 750//582
f  751//583 748//583 752//583 753//583
f  749//36 700//36 748//36 751//36
f  699//23 750//23 754//23 747//23
f  750//584 749//584 751//584 754//584
f  755//585 756//585 757//585 758//585
f  747//586 754//586 756//586 755//586
f  754//587 751//587 753//587 756//587
f  748//588 747//588 755//588 752//588
f  759//589 758//589 760//589 761//589
f  756//590 753//590 762//590 757//590
f  752//591 755//591 758//591 759//591
f  753//592 752//592 759//592 762//592
f  760//593 763//593 764//593 765//593
f  762//594 759//594 761//594 766//594
f  758//23 757//23 763//23 760//23
f  757//595 762//595 766//595 763//595
f  765//596 764//596 767//596 768//596
f  763//597 766//597 769//597 764//597
f  761//598 760//598 765//598 770//598
f  766//599 761//599 770//599 769//599
f  770//600 765//600 768//600 771//600
f  764//601 769//601 772//601 767//601
f  773//602 774//602 775//602 776//602
f  774//603 773//603 772//603 771//603
f  767//604 772//604 773//604 776//604
f  771//605 768//605 775//605 774//605
f  768//606 767//606 776//606 775//606
f  769//36 770//36 771//36 772//36
f  743//607 697//607 745//607 744//607
f  777//608 778//608 779//608 780//608
f  780//609 779//609 781//609 782//609
f  782//610 781//610 783//610 784//610
f  784//611 783//611 778//611 777//611
f  785//608 786//608 787//608 788//608
f  789//612 790//612 791//612 792//612
f  793//25 792//25 791//25 794//25
f  790//613 795//613 794//613 791//613
f  796//614 789//614 792//614 793//614
f  795//615 796//615 793//615 794//615
f  783//616 781//616 797//616 798//616
f  798//617 797//617 796//617 795//617
f  781//618 779//618 799//618 797//618
f  797//18 799//18 789//18 796//18
f  778//619 783//619 798//619 800//619
f  800//19 798//19 795//19 790//19
f  779//620 778//620 800//620 799//620
f  799//621 800//621 790//621 789//621
f  801//622 802//622 803//622 804//622
f  805//623 806//623 807//623 808//623
f  806//624 809//624 810//624 811//624
f  812//625 801//625 804//625 813//625
f  814//626 815//626 816//626 817//626
f  811//627 810//627 818//627 819//627
f  802//628 817//628 820//628 803//628
f  811//629 819//629 812//629 821//629
f  819//630 818//630 822//630 823//630
f  816//631 808//631 824//631 825//631
f  806//632 811//632 821//632 807//632
f  823//633 822//633 826//633 827//633
f  821//634 812//634 813//634 828//634
f  827//635 814//635 817//635 802//635
f  827//636 826//636 829//636 814//636
f  813//637 804//637 830//637 831//637
f  823//638 827//638 802//638 801//638
f  814//639 829//639 832//639 815//639
f  826//640 822//640 833//640 834//640
f  817//641 816//641 825//641 820//641
f  815//642 832//642 835//642 805//642
f  807//643 821//643 828//643 836//643
f  819//644 823//644 801//644 812//644
f  805//645 835//645 809//645 806//645
f  815//646 805//646 808//646 816//646
f  808//647 807//647 836//647 824//647
f  837//648 838//648 839//648 840//648
f  803//649 820//649 841//649 842//649
f  825//650 824//650 843//650 844//650
f  828//651 813//651 831//651 838//651
f  804//652 803//652 842//652 830//652
f  820//653 825//653 844//653 841//653
f  824//654 836//654 837//654 843//654
f  836//655 828//655 838//655 837//655
f  844//656 843//656 845//656 846//656
f  841//657 844//657 846//657 847//657
f  838//658 831//658 848//658 839//658
f  830//659 842//659 849//659 850//659
f  843//660 837//660 840//660 845//660
f  851//661 852//661 853//661 854//661
f  831//662 830//662 850//662 848//662
f  842//663 841//663 847//663 849//663
f  855//664 856//664 857//664 858//664
f  809//665 835//665 859//665 860//665
f  829//666 826//666 834//666 861//666
f  818//667 810//667 856//667 855//667
f  832//668 829//668 861//668 862//668
f  810//669 809//669 860//669 856//669
f  822//670 818//670 855//670 833//670
f  835//671 832//671 862//671 859//671
f  863//672 864//672 865//672 866//672
f  859//673 862//673 867//673 864//673
f  861//674 834//674 868//674 869//674
f  833//675 855//675 858//675 870//675
f  856//676 860//676 863//676 857//676
f  860//677 859//677 864//677 863//677
f  862//678 861//678 869//678 867//678
f  834//679 833//679 870//679 868//679
f  871//680 872//680 873//680 874//680
f  867//681 869//681 875//681 876//681
f  868//682 870//682 872//682 871//682
f  858//683 857//683 877//683 878//683
f  864//684 867//684 876//684 865//684
f  869//685 868//685 871//685 875//685
f  870//686 858//686 878//686 872//686
f  857//687 863//687 866//687 877//687
f  878//688 877//688 879//688 880//688
f  881//689 882//689 883//689 884//689
f  872//690 878//690 880//690 873//690
f  865//691 876//691 885//691 886//691
f  875//692 871//692 874//692 887//692
f  866//693 865//693 886//693 888//693
f  889//694 890//694 891//694 884//694 883//694 892//694 893//694 894//694
f  876//695 875//695 887//695 885//695
f  788//696 787//696 895//696 896//696
f  896//610 895//610 897//610 898//610
f  898//697 897//697 786//697 785//697
f  899//698 900//698 901//698 902//698
f  903//25 902//25 901//25 904//25
f  900//699 905//699 904//699 901//699
f  906//700 899//700 902//700 903//700
f  905//701 906//701 903//701 904//701
f  897//702 895//702 907//702 908//702
f  908//703 907//703 906//703 905//703
f  895//18 787//18 909//18 907//18
f  907//18 909//18 899//18 906//18
f  786//704 897//704 908//704 910//704
f  910//19 908//19 905//19 900//19
f  787//705 786//705 910//705 909//705
f  909//706 910//706 900//706 899//706
f  845//707 840//707 911//707 912//707
f  846//708 845//708 912//708 852//708
f  847//709 846//709 852//709 851//709
f  849//710 847//710 851//710 913//710
f  850//711 849//711 913//711 914//711
f  848//712 850//712 914//712 915//712
f  839//713 848//713 915//713 916//713
f  840//714 839//714 916//714 911//714
f  851//20 852//20 852//20 851//20
f  915//20 914//20 914//20 915//20
f  912//20 911//20 911//20 912//20
f  911//20 916//20 911//20
f  913//20 851//20 851//20 913//20
f  916//20 915//20 915//20
f  852//20 912//20 912//20 852//20
f  914//20 913//20 913//20 914//20
f  917//715 918//715 919//715 920//715 921//715 854//715 853//715 922//715
f  916//716 915//716 919//716 918//716
f  911//717 916//717 918//717 917//717
f  913//718 851//718 854//718 921//718
f  914//719 913//719 921//719 920//719
f  915//720 914//720 920//720 919//720
f  852//721 912//721 922//721 853//721
f  912//722 911//722 917//722 922//722
f  879//723 888//723 923//723 924//723
f  880//724 879//724 924//724 925//724
f  873//725 880//725 925//725 926//725
f  874//726 873//726 926//726 927//726
f  887//727 874//727 927//727 882//727
f  885//728 887//728 882//728 881//728
f  886//729 885//729 881//729 928//729
f  888//730 886//730 928//730 923//730
f  877//731 866//731 888//731 879//731
f  924//732 923//732 890//732 889//732
f  923//733 928//733 891//733 890//733
f  927//734 926//734 893//734 892//734
f  928//735 881//735 884//735 891//735
f  925//736 924//736 889//736 894//736
f  882//737 927//737 892//737 883//737
f  926//738 925//738 894//738 893//738
f  929//739 930//739 931//739 932//739
f  933//740 934//740 935//740
f  936//741 929//741 932//741
f  930//742 933//742 935//742 931//742
f  932//743 931//743 937//743 938//743
f  935//744 934//744 939//744
f  936//745 932//745 938//745
f  931//746 935//746 939//746 937//746
f  938//747 937//747 940//747 941//747
f  939//748 934//748 942//748
f  936//749 938//749 941//749
f  937//750 939//750 942//750 940//750
f  941//751 940//751 943//751 944//751
f  942//752 934//752 945//752
f  936//753 941//753 944//753
f  940//754 942//754 945//754 943//754
f  944//755 943//755 946//755 947//755
f  945//756 934//756 948//756
f  936//757 944//757 947//757
f  943//758 945//758 948//758 946//758
f  946//759 948//759 933//759 930//759
f  947//760 946//760 930//760 929//760
f  948//761 934//761 933//761
f  936//762 947//762 929//762
f  949//763 950//763 951//763 952//763
f  952//37 951//37 953//37 954//37
f  954//764 953//764 955//764 956//764
f  956//765 955//765 957//765 958//765
f  951//23 950//23 959//23 957//23 955//23 953//23
f  958//20 957//20 959//20 960//20
f  960//766 959//766 950//766 949//766
f  949//767 952//767 954//767 956//767 958//767 960//767
f  961//768 962//768 963//768 964//768
f  964//37 963//37 965//37 966//37
f  966//769 965//769 967//769 968//769
f  968//770 967//770 969//770 970//770
f  963//23 962//23 971//23 969//23 967//23 965//23
f  970//20 969//20 971//20 972//20
f  972//771 971//771 962//771 961//771
f  961//767 964//767 966//767 968//767 970//767 972//767
f  973//772 974//772 975//772 976//772
f  977//773 978//773 979//773 980//773
f  981//774 982//774 983//774 984//774
f  984//775 983//775 985//775 986//775 978//775 977//775
f  974//776 987//776 988//776 975//776
f  974//777 973//777 980//777 979//777
f  973//778 989//778 990//778 980//778
f  976//779 975//779 982//779 981//779
f  991//780 976//780 981//780 992//780
f  993//781 977//781 980//781 990//781
f  992//782 981//782 984//782 994//782
f  994//783 984//783 995//783 996//783
f  989//784 973//784 976//784 991//784
f  984//20 977//20 997//20 995//20
f  977//785 993//785 998//785 997//785
f  999//786 1000//786 1001//786 1002//786
f  988//787 982//787 975//787
f  979//788 987//788 974//788
f  988//789 985//789 983//789 982//789
f  979//790 978//790 986//790 987//790
f  986//20 985//20 988//20 987//20
f  1003//791 1004//791 1005//791 1006//791
f  1007//792 1006//792 1008//792 1009//792
f  1007//793 1010//793 1011//793 1012//793
f  1003//794 1006//794 1007//794 1012//794
f  1005//795 1004//795 1011//795 1010//795
f  1005//796 1010//796 1000//796 999//796
f  1006//797 1005//797 999//797 1008//797
f  1010//798 1007//798 1009//798 1000//798
f  1001//799 1013//799 1014//799 1015//799
f  1008//18 999//18 1002//18 1016//18
f  1000//800 1009//800 1013//800 1001//800
f  1009//801 1008//801 1016//801 1013//801
f  1017//802 1018//802 1015//802 1014//802
f  1013//803 1016//803 1017//803 1014//803
f  1002//804 1001//804 1015//804 1018//804
f  1016//805 1002//805 1018//805 1017//805
f  18//18 19//18 20//18 21//18
f  22//19 23//19 24//19 25//19
f  20//20 19//20 24//20 23//20
f  21//21 22//21 26//21 27//21
f  25//21 18//21 28//21 29//21
f  29//22 28//22 30//22 31//22
f  27//23 26//23 32//23 33//23
f  26//19 29//19 31//19 32//19
f  28//18 27//18 33//18 30//18
f  22//20 25//20 29//20 26//20
f  30//24 33//24 32//24 31//24
f  18//25 21//25 27//25 28//25
f  34//26 35//26 36//26 37//26
f  38//27 39//27 40//27 41//27
f  39//28 38//28 18//28 25//28
f  40//29 39//29 25//29 24//29
f  41//30 40//30 24//30 19//30
f  38//31 41//31 19//31 18//31
f  35//32 34//32 21//32 20//32
f  34//33 37//33 22//33 21//33
f  36//34 35//34 20//34 23//34
f  37//35 36//35 23//35 22//35

# Mesh 'Cube.002' with 22 faces
g Cube.002
usemtl M_AWP
f  18//18 19//18 20//18 21//18
f  22//19 23//19 24//19 25//19
f  20//20 19//20 24//20 23//20
f  21//21 22//21 26//21 27//21
f  25//21 18//21 28//21 29//21
f  29//22 28//22 30//22 31//22
f  27//23 26//23 32//23 33//23
f  26//19 29//19 31//19 32//19
f  28//18 27//18 33//18 30//18
f  22//20 25//20 29//20 26//20
f  30//24 33//24 32//24 31//24
f  18//25 21//25 27//25 28//25
f  34//26 35//26 36//26 37//26
f  38//27 39//27 40//27 41//27
f  39//28 38//28 18//28 25//28
f  40//29 39//29 25//29 24//29
f  41//30 40//30 24//30 19//30
f  38//31 41//31 19//31 18//31
f  35//32 34//32 21//32 20//32
f  34//33 37//33 22//33 21//33
f  36//34 35//34 20//34 23//34
f  37//35 36//35 23//35 22//35

